,0
T0001878,0.0
T0001684,0.0
T0001446,0.2
T0001408,0.0
T0002936,0.017
T0001646,0.0
T0000488,0.669
T0002512,0.1
T0004545,0.137
T0002166,0.0
T0004225,0.0
T0003247,0.15
T0003279,0.152
T0003832,0.0
T0004179,0.0
T0003738,0.0
T0002793,0.0
T0004330,0.0
T0002814,0.05
T0002927,0.153
T0001631,0.05
T0003517,0.0
T0004164,0.0
T0004453,0.15
T0003240,0.0
T0003731,0.05
T0000066,0.0
T0002493,0.0
T0004165,0.0
T0000674,0.059
T0003149,0.0
T0000503,0.0
T0000807,0.119
T0002054,0.054
T0002832,0.25
T0004106,0.2
T0002937,0.017
T0004828,0.597
T0002175,0.114
T0003566,0.0
T0000143,0.0
T0004680,0.0
T0002306,0.05
T0003907,0.0
T0002167,0.0
T0004786,0.596
T0001489,0.0
T0004439,0.0
T0001990,0.174
T0002977,0.0
T0000060,0.0
T0002857,0.0
T0003413,0.639
T0005149,0.135
T0005147,0.121
T0000578,0.0
T0004044,0.46
T0004331,0.0
T0005146,0.448
T0002537,0.0
T0001698,0.0
T0004814,0.448
T0003040,0.0
T0000317,0.072
T0005150,0.079
T0002070,0.0
T0000102,0.2
T0000256,0.0
T0005167,0.0
T0003298,0.0
T0005166,0.0
T0005170,0.0
T0005158,0.2
T0005156,0.0
T0005160,0.0
T0005163,0.0
T0005161,0.1
T0004681,0.0
T0000179,0.0
T0005148,0.135
T0000847,0.0
T0005171,0.0
T0000190,0.088
T0003976,0.0
T0005169,0.0
T0005151,0.387
T0005153,0.054
T0005162,0.1
T0004775,0.15
T0005159,0.0
T0001568,0.0
T0001647,0.0
T0003143,0.154
T0000892,0.0
T0005157,0.0
T0005168,0.0
T0001702,0.0
T0005154,0.05
T0005152,0.0
T0000658,0.0
T0002576,0.1
T0004184,0.0
T0002708,0.0
T0001504,0.0
T0001496,0.0
T0005165,0.0
T0005164,0.0
T0005155,0.0
T0000537,0.0
T0002253,0.05
T0002442,0.05
T0000287,0.553
T0003248,0.15
T0000393,0.0
T0002247,0.05
T0003075,0.0
T0003592,0.0
T0004783,0.596
T0001918,0.0
T0004124,0.0
T0001401,0.448
T0000528,0.0
T0002345,0.15
T0000700,0.0
T0004454,0.15
T0001131,0.207
T0001648,0.0
T0002346,0.15
T0001420,0.0
T0002379,0.0
T0001897,0.05
T0000076,0.387
T0004245,0.05
T0004131,0.05
T0002662,0.0
T0003356,0.0
T0001307,0.228
T0004209,0.262
T0003192,0.0
T0000452,0.0
T0003532,0.0
T0000668,0.0
T0002833,0.25
T0004055,0.0
T0002748,0.05
T0004755,0.0
T0004079,0.0
T0003255,0.05
T0002307,0.05
T0003280,0.152
T0001162,0.1
T0002392,0.1
T0001176,0.0
T0000880,0.0
T0000001,0.448
T0004832,0.597
T0000838,0.0
T0001690,0.0
T0002084,0.0
T0003554,0.0
T0000489,0.669
T0002763,0.0
T0004215,0.0
T0004148,0.0
T0000960,0.0
T0001050,0.2
T0004538,0.0
T0001317,0.3
T0004255,0.0
T0004816,0.448
T0004762,0.0
T0003732,0.05
T0004718,0.156
T0000448,0.0
T0003823,0.0
T0001779,0.0
T0001199,0.0
T0001973,0.05
T0001461,0.05
T0003114,0.0
T0002788,0.091
T0002085,0.0
T0000330,0.502
T0000049,0.079
T0004539,0.0
T0003086,0.0
T0001326,0.0
T0003561,0.775
T0000261,0.15
T0004116,0.0
T0004494,0.0
T0004739,0.0
T0003848,0.0
T0004246,0.05
T0003169,0.0
T0001756,0.0
T0000758,0.1
T0004915,0.0
T0004918,0.163
T0004919,0.054
T0001551,0.0
T0002631,0.15
T0000331,0.502
T0003364,0.0
T0004265,0.0
T0003127,0.0
T0001849,0.0
T0003964,0.1
T0001177,0.0
T0004447,0.283
T0000971,0.05
T0000490,0.669
T0000579,0.0
T0001746,0.0
T0003862,0.0
T0001919,0.0
T0002877,0.0
T0002839,0.0
T0000138,0.1
T0004573,0.132
T0000163,0.306
T0001343,0.0
T0002022,0.0
T0004087,0.0
T0004834,0.597
T0003801,0.0
T0003658,0.0
T0000250,0.1
T0004357,0.05
T0003048,0.0
T0001747,0.0
T0001447,0.2
T0001583,0.0
T0003965,0.1
T0001254,0.0
T0000701,0.0
T0000460,0.0
T0001040,0.0
T0003475,0.0
T0000090,0.054
T0003027,0.0
T0001773,0.0
T0004812,0.448
T0003600,0.0
T0000373,0.0
T0000972,0.05
T0004185,0.0
T0000831,0.0
T0001278,0.0
T0003402,0.007
T0000659,0.0
T0004428,0.008
T0001815,0.156
T0000257,0.0
T0003381,0.05
T0002674,0.0
T0002622,0.0
T0003476,0.0
T0001454,0.2
T0004789,0.596
T0001327,0.0
T0002978,0.0
T0004924,0.121
T0000191,0.088
T0001308,0.228
T0004936,0.079
T0004942,0.0
T0003414,0.639
T0004954,0.2
T0002938,0.017
T0004960,0.0
T0002945,0.0
T0000515,0.0
T0002086,0.0
T0003612,0.05
T0003701,0.0
T0001318,0.3
T0004921,0.448
T0004850,0.487
T0000144,0.0
T0004787,0.596
T0001537,0.0
T0004930,0.135
T0004927,0.0
T0001774,0.0
T0000735,0.0
T0000694,0.0
T0004963,0.0
T0000561,0.0
T0004462,0.0
T0004951,0.054
T0001462,0.05
T0001209,0.0
T0001200,0.0
T0004365,0.79
T0003115,0.0
T0003034,0.0
T0001906,0.0
T0004171,0.0
T0002023,0.0
T0000538,0.0
T0001025,0.0
T0003344,0.251
T0004504,0.0
T0002840,0.0
T0004948,0.0
T0002538,0.0
T0002229,0.0
T0001481,0.5
T0004939,0.0
T0001041,0.0
T0002485,0.0
T0004945,0.387
T0002611,0.0
T0001936,0.0
T0001545,0.0
T0002248,0.05
T0003838,0.0
T0002939,0.017
T0004763,0.0
T0002087,0.0
T0000238,0.0
T0004957,0.0
T0000262,0.15
T0001147,0.0
T0003093,0.0
T0002142,0.0
T0003464,0.0
T0001590,0.071
T0000018,0.0
T0004032,0.0
T0002519,0.0
T0000002,0.448
T0004687,0.05
T0004933,0.135
T0002281,0.0
T0003438,0.118
T0003008,0.0
T0002030,0.0
T0003631,0.0
T0004193,0.05
T0000908,0.05
T0002045,0.0
T0000521,0.0
T0000091,0.054
T0004216,0.0
T0003637,0.0
T0002871,0.0
T0002590,0.0
T0001867,0.0
T0004256,0.0
T0001978,0.0
T0000925,0.0
T0000318,0.072
T0003580,0.012
T0003403,0.007
T0003041,0.0
T0000997,0.0
T0002525,0.3
T0001455,0.2
T0001757,0.0
T0004702,0.0
T0001820,0.487
T0002359,0.0
T0002266,0.05
T0002632,0.15
T0001591,0.071
T0000040,0.135
T0002105,0.0
T0004788,0.596
T0000128,0.0
T0001006,0.0
T0001241,0.0
T0004423,0.0
T0004913,0.0
T0004914,0.0
T0004917,0.0
T0004920,0.79
T0002078,0.15
T0003058,0.0
T0004068,0.0
T0001991,0.174
T0002845,0.0
T0000529,0.0
T0000476,0.0
T0000019,0.0
T0004574,0.132
T0003404,0.007
T0004038,0.1
T0002581,0.195
T0004315,0.0
T0004088,0.0
T0004802,0.775
T0002143,0.0
T0001096,0.0
T0003518,0.0
T0003427,0.0
T0004149,0.0
T0000192,0.088
T0002347,0.15
T0003203,0.0
T0003076,0.0
T0003049,0.0
T0003739,0.0
T0003702,0.0
T0003896,0.104
T0003170,0.0
T0003749,0.0
T0002988,0.0
T0003182,0.0
T0003718,0.0
T0000628,0.16
T0003263,0.0
T0002370,0.0
T0000151,0.0
T0004546,0.137
T0000041,0.135
T0000139,0.1
T0004463,0.0
T0003855,0.0
T0001117,0.0
T0004099,0.05
T0002526,0.3
T0004217,0.0
T0000288,0.553
T0002834,0.25
T0000621,0.0
T0000003,0.448
T0003567,0.0
T0002188,0.0
T0004836,0.597
T0002168,0.0
T0000961,0.0
T0002106,0.0
T0004277,0.0
T0000715,0.0
T0004482,0.0
T0000773,0.0
T0003256,0.05
T0000789,0.881
T0002322,0.0
T0000861,0.0
T0000402,0.0
T0002380,0.0
T0003116,0.0
T0001886,0.0
T0002299,0.0
T0001456,0.2
T0004837,0.597
T0000241,0.0
T0002872,0.0
T0001178,0.0
T0001210,0.0
T0003391,0.0
T0003382,0.05
T0001155,0.0
T0004660,0.0
T0001328,0.0
T0002815,0.05
T0000808,0.119
T0004764,0.0
T0004811,0.448
T0002031,0.0
T0004003,0.0
T0001319,0.3
T0002724,0.0
T0000774,0.0
T0001248,0.0
T0000319,0.072
T0004632,0.0
T0001191,0.0
T0001806,0.379
T0003719,0.0
T0000539,0.0
T0001122,0.0
T0003944,0.0
T0002633,0.15
T0000383,0.009
T0003500,0.0
T0000042,0.135
T0002600,0.0
T0000193,0.088
T0004474,0.0
T0003164,0.0
T0002873,0.0
T0000284,0.0
T0001789,0.0
T0003632,0.0
T0003375,0.0
T0004835,0.597
T0002893,0.0
T0002582,0.195
T0002314,0.0
T0001007,0.0
T0002472,0.0
T0000936,0.0
T0002258,0.0
T0003989,0.0
T0002858,0.0
T0004358,0.05
T0001850,0.0
T0001019,0.303
T0003273,0.0
T0002137,0.0
T0000991,0.0
T0004555,0.0
T0003542,0.0
T0001451,0.0
T0004842,0.79
T0004022,0.0
T0003659,0.0
T0001748,0.0
T0001604,0.0
T0001069,0.0
T0003839,0.0
T0003011,0.0
T0001961,0.0
T0000305,0.0
T0003405,0.007
T0004312,0.0
T0004575,0.132
T0004154,0.0
T0001097,0.0
T0002675,0.0
T0001968,0.0
T0003673,0.0
T0003171,0.0
T0001874,0.597
T0002989,0.0
T0003922,0.0
T0002539,0.0
T0000374,0.0
T0004247,0.05
T0002259,0.0
T0000881,0.0
T0001026,0.0
T0000522,0.0
T0002577,0.1
T0003884,0.0
T0003606,0.132
T0000622,0.0
T0000947,0.0
T0001482,0.5
T0003840,0.0
T0000937,0.0
T0000695,0.0
T0000423,0.0
T0002794,0.0
T0003568,0.0
T0004348,0.0
T0002940,0.017
T0002249,0.05
T0002418,0.0
T0000004,0.448
T0003950,0.0
T0003449,0.439
T0000759,0.1
T0004695,0.0
T0003376,0.0
T0002458,0.0
T0000962,0.0
T0000562,0.0
T0002990,0.0
T0000782,0.0
T0002591,0.0
T0001735,0.0
T0003172,0.0
T0002138,0.0
T0001505,0.0
T0004512,0.0
T0004748,0.009
T0004415,0.0
T0002513,0.1
T0004313,0.0
T0000882,0.0
T0002612,0.0
T0004669,0.302
T0003350,0.0
T0001839,0.009
T0003042,0.0
T0000289,0.553
T0000394,0.0
T0003813,0.0
T0002663,0.0
T0002991,0.0
T0003824,0.0
T0002139,0.0
T0004266,0.0
T0001221,0.0
T0002123,0.0
T0001483,0.5
T0003136,0.0
T0003945,0.0
T0002494,0.0
T0002801,0.0
T0001229,0.0
T0004033,0.0
T0002367,0.0
T0001230,0.0
T0003351,0.0
T0000790,0.881
T0002046,0.0
T0004619,0.0
T0003209,0.0
T0001263,0.0
T0000375,0.0
T0001816,0.156
T0003587,0.0
T0002623,0.0
T0002047,0.0
T0001264,0.0
T0002730,0.0
T0004778,0.15
T0000752,0.0
T0002941,0.017
T0002254,0.05
T0003460,0.0
T0000839,0.0
T0000682,0.136
T0002613,0.0
T0000360,0.0
T0004815,0.448
T0001797,0.0
T0000874,0.0
T0000690,0.005
T0001376,0.0
T0000109,0.0
T0000103,0.2
T0001235,0.0
T0002024,0.0
T0001286,0.0
T0002196,0.0
T0000546,0.0
T0003043,0.0
T0000376,0.0
T0002437,0.0
T0001912,0.0
T0001623,0.0
T0002802,0.0
T0003165,0.0
T0002967,0.0
T0004023,0.0
T0001727,0.0
T0002764,0.0
T0003990,0.0
T0001163,0.1
T0003299,0.0
T0003660,0.0
T0004382,0.0
T0004194,0.05
T0003284,0.0
T0000675,0.059
T0001749,0.0
T0000840,0.0
T0004848,0.487
T0002811,0.0
T0000152,0.0
T0002894,0.0
T0001384,0.0
T0004624,0.0
T0004804,0.775
T0000120,0.0
T0002407,0.0
T0002771,0.0
T0003183,0.0
T0001920,0.0
T0003377,0.0
T0002601,0.0
T0004080,0.0
T0003264,0.0
T0002970,0.0
T0001538,0.0
T0001109,0.0
T0001222,0.0
T0003217,0.0
T0001807,0.379
T0002946,0.0
T0003241,0.0
T0002486,0.0
T0002520,0.0
T0003218,0.0
T0000841,0.0
T0004670,0.302
T0003477,0.0
T0002152,0.0
T0003588,0.0
T0001879,0.0
T0000005,0.448
T0003501,0.0
T0004107,0.2
T0000153,0.0
T0004532,0.0
T0002979,0.0
T0003017,0.596
T0000242,0.0
T0004366,0.79
T0001539,0.0
T0003910,0.0
T0002634,0.15
T0001992,0.174
T0004703,0.0
T0001242,0.0
T0001840,0.009
T0001884,0.0
T0004226,0.0
T0000570,0.0
T0000507,0.0
T0004424,0.0
T0001649,0.0
T0003633,0.0
T0003572,0.0
T0001610,0.0
T0000342,0.0
T0003432,0.0
T0001484,0.5
T0003750,0.0
T0002055,0.054
T0004566,0.0
T0001434,0.0
T0003789,0.0
T0004576,0.132
T0002906,0.15
T0000948,0.0
T0002153,0.0
T0002473,0.0
T0003478,0.0
T0000164,0.306
T0001869,0.0
T0002274,0.0
T0003756,0.0
T0002267,0.05
T0002699,0.0
T0004650,0.0
T0000812,0.0
T0003885,0.0
T0004547,0.137
T0004642,0.0
T0004515,0.0
T0002919,0.0
T0003117,0.0
T0004607,0.0
T0002556,0.0
T0001750,0.0
T0000855,0.0
T0001364,0.0
T0000629,0.16
T0003087,0.0
T0003392,0.0
T0001798,0.0
T0003193,0.0
T0003781,0.0
T0001216,0.0
T0002088,0.0
T0001775,0.0
T0003150,0.0
T0003593,0.0
T0002451,0.0
T0000813,0.0
T0001921,0.0
T0003028,0.0
T0001937,0.0
T0000869,0.0
T0002968,0.0
T0003479,0.0
T0002895,0.0
T0004839,0.79
T0003814,0.0
T0000154,0.0
T0001525,0.0
T0001211,0.0
T0002282,0.0
T0002920,0.0
T0003050,0.0
T0001678,0.206
T0001506,0.0
T0000604,0.0
T0000508,0.0
T0004024,0.0
T0003357,0.0
T0001051,0.2
T0002419,0.0
T0003009,0.0
T0002371,0.0
T0001611,0.0
T0004448,0.283
T0002652,0.034
T0004132,0.05
T0004729,0.0
T0004516,0.0
T0004416,0.0
T0001293,0.0
T0002715,0.0
T0004108,0.2
T0003303,0.0
T0002197,0.0
T0000870,0.0
T0002896,0.0
T0001201,0.0
T0003365,0.0
T0004823,0.881
T0002765,0.0
T0003765,0.0
T0004039,0.1
T0002992,0.0
T0000006,0.448
T0001875,0.597
T0001685,0.0
T0001070,0.0
T0003757,0.0
T0002260,0.0
T0000893,0.0
T0002324,0.0
T0002751,0.0
T0002250,0.05
T0000982,0.0
T0002238,0.0
T0002653,0.034
T0004435,0.0
T0000243,0.0
T0002117,0.0
T0000020,0.0
T0002220,0.0
T0000129,0.0
T0004765,0.0
T0003242,0.0
T0003480,0.0
T0004235,0.0
T0001008,0.0
T0002907,0.15
T0000186,0.0
T0004696,0.0
T0002443,0.05
T0003638,0.0
T0000050,0.079
T0003674,0.0
T0004401,0.0
T0001969,0.0
T0004236,0.0
T0004524,0.0
T0000051,0.079
T0000077,0.387
T0004257,0.0
T0004407,0.0
T0002716,0.0
T0000600,0.0
T0001421,0.0
T0003998,0.0
T0001650,0.0
T0005175,0.448
T0005178,0.121
T0005181,0.135
T0005184,0.135
T0004383,0.0
T0004069,0.0
T0002825,0.0
T0003352,0.0
T0004089,0.0
T0001060,0.0
T0001009,0.0
T0004633,0.0
T0000030,0.135
T0003509,0.0
T0003639,0.0
T0001497,0.0
T0003815,0.0
T0000753,0.0
T0003849,0.0
T0004493,0.0
T0000469,0.0
T0003872,0.0
T0002124,0.0
T0001719,0.0
T0001470,0.0
T0000110,0.0
T0001922,0.0
T0003012,0.0
T0002393,0.1
T0001027,0.0
T0004402,0.0
T0000926,0.0
T0003415,0.639
T0004799,0.775
T0002159,0.0
T0003991,0.0
T0004150,0.0
T0000273,0.0
T0003416,0.639
T0001061,0.0
T0000605,0.0
T0002474,0.0
T0004517,0.0
T0004081,0.0
T0001858,0.0
T0001962,0.0
T0003856,0.0
T0003562,0.775
T0000899,0.0
T0000814,0.0
T0004440,0.0
T0001686,0.0
T0002709,0.0
T0003210,0.0
T0000155,0.0
T0003680,0.0
T0003173,0.0
T0002803,0.0
T0003766,0.0
T0004548,0.137
T0003128,0.0
T0002251,0.05
T0000722,0.0
T0001353,0.0
T0004100,0.05
T0003543,0.0
T0001560,0.0
T0000403,0.0
T0003573,0.0
T0002056,0.054
T0000180,0.0
T0004155,0.0
T0003767,0.0
T0004004,0.0
T0001148,0.0
T0000976,0.0
T0004784,0.596
T0003886,0.0
T0003613,0.05
T0002239,0.0
T0004332,0.0
T0002897,0.0
T0002113,0.0
T0000052,0.079
T0000606,0.0
T0001185,0.0
T0003936,0.0
T0003366,0.0
T0000783,0.0
T0000021,0.0
T0002527,0.3
T0003184,0.0
T0002169,0.0
T0004151,0.0
T0001780,0.0
T0003999,0.0
T0001192,0.0
T0001574,0.0
T0003358,0.0
T0001123,0.0
T0001612,0.0
T0004186,0.0
T0003841,0.0
T0003194,0.0
T0002289,0.113
T0004661,0.0
T0004359,0.05
T0002749,0.05
T0001776,0.0
T0003768,0.0
T0003195,0.0
T0003703,0.0
T0004006,0.0
T0001668,0.0
T0001463,0.05
T0000775,0.0
T0002230,0.0
T0004210,0.262
T0004740,0.0
T0001223,0.0
T0003594,0.0
T0001435,0.0
T0000571,0.0
T0003955,0.0
T0004851,0.487
T0000862,0.0
T0001294,0.0
T0003417,0.639
T0000491,0.669
T0000832,0.0
T0000900,0.0
T0001287,0.0
T0002846,0.0
T0000165,0.306
T0003137,0.0
T0000797,0.0
T0000776,0.0
T0003094,0.0
T0003923,0.0
T0002098,0.0
T0002635,0.15
T0000660,0.0
T0003887,0.0
T0004133,0.05
T0000551,0.0
T0000013,0.121
T0002348,0.15
T0002731,0.0
T0000977,0.0
T0000477,0.0
T0003489,0.0
T0004704,0.0
T0003758,0.0
T0000875,0.0
T0003257,0.05
T0001490,0.0
T0004671,0.302
T0001706,0.0
T0004589,0.0
T0000540,0.0
T0001365,0.0
T0000218,0.0
T0000661,0.0
T0004556,0.0
T0004090,0.0
T0001687,0.0
T0002160,0.0
T0003333,0.0
T0002654,0.034
T0003465,0.0
T0004495,0.0
T0002125,0.0
T0001354,0.0
T0002035,0.0
T0002878,0.0
T0002928,0.153
T0000279,0.0
T0003418,0.639
T0004625,0.0
T0001249,0.0
T0001337,0.0
T0001071,0.0
T0001923,0.0
T0002300,0.0
T0001193,0.0
T0004303,0.0
T0000395,0.0
T0003385,0.0
T0001691,0.0
T0004218,0.0
T0004333,0.0
T0001377,0.0
T0004809,0.034
T0001075,0.0
T0002835,0.25
T0003345,0.251
T0003850,0.0
T0003439,0.118
T0003911,0.0
T0000883,0.0
T0004425,0.0
T0001344,0.0
T0001164,0.1
T0003908,0.0
T0002487,0.0
T0002231,0.0
T0003317,0.0
T0000516,0.0
T0001250,0.0
T0000492,0.669
T0003966,0.1
T0004455,0.15
T0002816,0.05
T0002301,0.0
T0001124,0.0
T0000078,0.387
T0002452,0.0
T0001448,0.2
T0002268,0.05
T0000983,0.0
T0004316,0.0
T0002602,0.0
T0002495,0.0
T0004817,0.448
T0001751,0.0
T0004821,0.881
T0001366,0.0
T0003367,0.0
T0000909,0.05
T0000411,0.0
T0001642,0.0
T0003490,0.0
T0001020,0.303
T0000649,0.0
T0001993,0.174
T0003185,0.0
T0002993,0.0
T0002583,0.195
T0003346,0.251
T0004334,0.0
T0004082,0.0
T0001338,0.0
T0003909,0.0
T0004360,0.05
T0003873,0.0
T0003519,0.0
T0002752,0.0
T0003481,0.0
T0003967,0.1
T0003051,0.0
T0002079,0.15
T0001569,0.0
T0003601,0.0
T0000754,0.0
T0001329,0.0
T0000067,0.0
T0004796,0.379
T0002569,0.0
T0003265,0.0
T0002664,0.0
T0001165,0.1
T0003144,0.154
T0003219,0.0
T0003533,0.0
T0000760,0.1
T0004567,0.0
T0004000,0.0
T0002349,0.15
T0000121,0.0
T0000798,0.0
T0004456,0.15
T0000927,0.0
T0003924,0.0
T0000263,0.15
T0001707,0.0
T0000864,0.0
T0002962,0.163
T0000716,0.0
T0000765,0.009
T0002947,0.0
T0001546,0.0
T0000696,0.0
T0003931,0.0
T0004367,0.79
T0002453,0.0
T0002275,0.0
T0004844,0.487
T0004258,0.0
T0002557,0.0
T0001295,0.0
T0000210,0.0
T0002676,0.0
T0003318,0.0
T0002665,0.0
T0002402,0.0
T0003312,0.0
T0002403,0.0
T0002753,0.0
T0004426,0.0
T0001651,0.0
T0001236,0.0
T0000355,0.0
T0001924,0.0
T0003665,0.0
T0002624,0.0
T0000493,0.669
T0003406,0.007
T0001166,0.1
T0001821,0.487
T0004849,0.487
T0003720,0.0
T0004505,0.0
T0002000,0.0
T0004785,0.596
T0002032,0.0
T0000031,0.135
T0000809,0.119
T0002126,0.0
T0001514,0.0
T0003118,0.0
T0001632,0.05
T0004267,0.0
T0003917,0.0
T0002118,0.0
T0003274,0.0
T0002558,0.0
T0001274,0.0
T0003482,0.0
T0003912,0.0
T0001692,0.0
T0004756,0.0
T0001062,0.0
T0004156,0.0
T0002789,0.091
T0003977,0.0
T0004825,0.597
T0003088,0.0
T0004403,0.0
T0002559,0.0
T0002089,0.0
T0004711,0.0
T0003104,0.0
T0004766,0.0
T0000211,0.0
T0002315,0.0
T0001817,0.156
T0003450,0.439
T0004757,0.0
T0003393,0.0
T0000607,0.0
T0000244,0.0
T0003119,0.0
T0002080,0.15
T0001828,0.0
T0000766,0.009
T0002119,0.0
T0001010,0.0
T0000130,0.0
T0002240,0.0
T0000434,0.0
T0000424,0.0
T0002700,0.0
T0000104,0.2
T0000290,0.553
T0000425,0.0
T0000068,0.0
T0004361,0.05
T0003386,0.0
T0001355,0.0
T0001841,0.009
T0000580,0.0
T0003842,0.0
T0003877,0.0
T0000172,0.0
T0000022,0.0
T0003691,0.0
T0003534,0.0
T0002777,0.0
T0003544,0.0
T0000264,0.15
T0000453,0.0
T0001217,0.0
T0000761,0.1
T0004741,0.0
T0003802,0.0
T0003334,0.0
T0001471,0.0
T0002772,0.0
T0001345,0.0
T0000777,0.0
T0002062,0.0
T0001391,0.0
T0000669,0.0
T0003640,0.0
T0002292,0.0
T0003359,0.0
T0001979,0.0
T0000212,0.0
T0000509,0.0
T0002625,0.0
T0004237,0.0
T0003878,0.0
T0003407,0.007
T0002302,0.0
T0004733,0.0
T0004464,0.0
T0002980,0.0
T0002372,0.0
T0002929,0.153
T0001296,0.0
T0004829,0.597
T0000396,0.0
T0004688,0.05
T0004767,0.0
T0000736,0.0
T0000552,0.0
T0001125,0.0
T0000910,0.05
T0004518,0.0
T0001320,0.3
T0004091,0.0
T0001297,0.0
T0004810,0.034
T0003675,0.0
T0001613,0.0
T0001693,0.0
T0001346,0.0
T0002127,0.0
T0004195,0.05
T0003740,0.0
T0000225,0.0
T0002521,0.0
T0002994,0.0
T0004045,0.46
T0000092,0.054
T0000268,0.0
T0002528,0.3
T0002176,0.114
T0000778,0.0
T0000343,0.0
T0004417,0.0
T0000884,0.0
T0003992,0.0
T0001202,0.0
T0000978,0.0
T0002766,0.0
T0004780,0.15
T0000938,0.0
T0003704,0.0
T0003782,0.0
T0000697,0.0
T0000791,0.881
T0003650,0.0
T0001633,0.05
T0004483,0.0
T0004549,0.137
T0004335,0.0
T0003211,0.0
T0003304,0.0
T0003843,0.0
T0004449,0.283
T0003502,0.0
T0001948,0.0
T0003491,0.0
T0004672,0.302
T0001339,0.0
T0000426,0.0
T0000691,0.005
T0003733,0.05
T0001132,0.207
T0003993,0.0
T0003235,0.0
T0001624,0.0
T0000729,0.0
T0002981,0.0
T0004768,0.0
T0000173,0.0
T0002725,0.0
T0001179,0.0
T0004238,0.0
T0001392,0.0
T0002438,0.0
T0003196,0.0
T0003581,0.012
T0003249,0.15
T0004557,0.0
T0003328,0.0
T0001614,0.0
T0000369,0.0
T0001829,0.0
T0001758,0.0
T0004781,0.15
T0003433,0.0
T0000992,0.0
T0000332,0.502
T0001427,0.0
T0001547,0.0
T0001170,0.0
T0003844,0.0
T0003066,0.0
T0000939,0.0
T0004384,0.0
T0003197,0.0
T0003378,0.0
T0000723,0.0
T0004465,0.0
T0002025,0.0
T0000174,0.0
T0004015,0.0
T0000306,0.0
T0000370,0.0
T0004457,0.15
T0002614,0.0
T0000702,0.0
T0001110,0.0
T0002001,0.0
T0000181,0.0
T0004513,0.0
T0003790,0.0
T0001830,0.0
T0003018,0.596
T0004317,0.0
T0000517,0.0
T0004429,0.008
T0004712,0.0
T0003888,0.0
T0002308,0.05
T0004197,0.0
T0000815,0.0
T0004109,0.2
T0001087,0.0
T0001436,0.0
T0004441,0.0
T0000894,0.0
T0002864,0.0
T0000865,0.0
T0002995,0.0
T0001180,0.0
T0002655,0.034
T0000842,0.0
T0000333,0.502
T0000848,0.0
T0004734,0.0
T0004323,0.0
T0003968,0.1
T0002381,0.0
T0001088,0.0
T0000824,0.0
T0004125,0.0
T0001111,0.0
T0004166,0.0
T0000187,0.0
T0003897,0.104
T0002206,0.0
T0001605,0.0
T0001887,0.0
T0002547,0.0
T0001907,0.0
T0003582,0.012
T0000023,0.0
T0003595,0.0
T0003721,0.0
T0003319,0.0
T0001859,0.0
T0002795,0.0
T0004368,0.79
T0000111,0.0
T0003368,0.0
T0001255,0.0
T0002170,0.0
T0001356,0.0
T0004806,0.034
T0004126,0.0
T0000547,0.0
T0001265,0.0
T0000356,0.0
T0001561,0.0
T0003932,0.0
T0003520,0.0
T0003320,0.0
T0004172,0.0
T0003563,0.775
T0002726,0.0
T0003321,0.0
T0003550,0.0
T0001357,0.0
T0004742,0.0
T0004597,0.0
T0001321,0.3
T0004369,0.79
T0000792,0.881
T0004656,0.001
T0003759,0.0
T0004349,0.0
T0002026,0.0
T0003791,0.0
T0003227,0.0
T0003089,0.0
T0003198,0.0
T0001212,0.0
T0004117,0.0
T0000307,0.0
T0003933,0.0
T0002950,0.0
T0004824,0.597
T0000320,0.072
T0002804,0.0
T0000953,0.0
T0001679,0.206
T0003335,0.0
T0002778,0.0
T0002255,0.05
T0001515,0.0
T0001736,0.0
T0000412,0.0
T0001464,0.05
T0003105,0.0
T0004846,0.487
T0003937,0.0
T0000601,0.0
T0000494,0.669
T0001822,0.487
T0000876,0.0
T0004801,0.775
T0003067,0.0
T0000032,0.135
T0002382,0.0
T0001491,0.0
T0004550,0.137
T0001080,0.0
T0002198,0.0
T0004134,0.05
T0003938,0.0
T0001980,0.0
T0003289,0.0
T0000737,0.0
T0000670,0.0
T0002114,0.0
T0004046,0.46
T0004713,0.0
T0001309,0.228
T0003228,0.0
T0000591,0.0
T0000226,0.0
T0001759,0.0
T0001694,0.0
T0000563,0.0
T0004007,0.0
T0003290,0.0
T0001288,0.0
T0002303,0.0
T0002496,0.0
T0003212,0.0
T0001402,0.448
T0001298,0.0
T0004101,0.05
T0003692,0.0
T0001938,0.0
T0001181,0.0
T0003483,0.0
T0002514,0.1
T0003236,0.0
T0004016,0.0
T0003068,0.0
T0002488,0.0
T0002570,0.0
T0001635,0.0
T0003019,0.596
T0003651,0.0
T0000523,0.0
T0003020,0.596
T0000793,0.881
T0002276,0.0
T0003722,0.0
T0003285,0.0
T0004568,0.0
T0001098,0.0
T0001203,0.0
T0000592,0.0
T0001799,0.0
T0001299,0.0
T0000291,0.553
T0003021,0.596
T0000816,0.0
T0004219,0.0
T0001052,0.2
T0000122,0.0
T0002710,0.0
T0002177,0.114
T0001902,0.0
T0004779,0.15
T0004743,0.0
T0001981,0.0
T0001393,0.0
T0000413,0.0
T0004790,0.596
T0002930,0.153
T0003336,0.0
T0001695,0.0
T0002865,0.0
T0004662,0.0
T0003769,0.0
T0000292,0.553
T0003419,0.639
T0000053,0.079
T0001526,0.0
T0000954,0.0
T0000799,0.0
T0004008,0.0
T0003387,0.0
T0002859,0.0
T0004227,0.0
T0001289,0.0
T0003705,0.0
T0001290,0.0
T0002805,0.0
T0003535,0.0
T0004714,0.0
T0000175,0.0
T0000357,0.0
T0004418,0.0
T0003641,0.0
T0003602,0.0
T0000692,0.005
T0004268,0.0
T0000955,0.0
T0001953,0.0
T0003634,0.0
T0003360,0.0
T0002283,0.0
T0001939,0.0
T0002325,0.0
T0003925,0.0
T0002290,0.113
T0002754,0.0
T0002971,0.0
T0002677,0.0
T0003574,0.0
T0002383,0.0
T0004034,0.0
T0004350,0.0
T0003305,0.0
T0003681,0.0
T0004735,0.0
T0003353,0.0
T0004282,0.0
T0004318,0.0
T0000043,0.135
T0002128,0.0
T0000176,0.0
T0001888,0.0
T0001428,0.0
T0000033,0.135
T0000800,0.0
T0000911,0.05
T0003420,0.639
T0003536,0.0
T0000054,0.079
T0000293,0.553
T0000662,0.0
T0003069,0.0
T0002773,0.0
T0002560,0.0
T0002913,0.0
T0003077,0.0
T0003889,0.0
T0003337,0.0
T0001625,0.0
T0001437,0.0
T0002860,0.0
T0003682,0.0
T0000650,0.0
T0004831,0.597
T0004074,0.0
T0000361,0.0
T0002309,0.05
T0001367,0.0
T0001963,0.0
T0001808,0.379
T0001974,0.05
T0003421,0.639
T0000755,0.0
T0001251,0.0
T0001133,0.207
T0000940,0.0
T0000794,0.881
T0003857,0.0
T0003956,0.0
T0000623,0.0
T0000738,0.0
T0004620,0.0
T0000756,0.0
T0004324,0.0
T0000703,0.0
T0003666,0.0
T0000194,0.088
T0004634,0.0
T0004769,0.0
T0004180,0.0
T0003440,0.118
T0003770,0.0
T0002293,0.0
T0000188,0.0
T0002879,0.0
T0003000,0.0
T0004419,0.0
T0000779,0.0
T0004248,0.05
T0001011,0.0
T0002921,0.0
T0003706,0.0
T0003394,0.0
T0002561,0.0
T0003059,0.0
T0001347,0.0
T0002548,0.0
T0004577,0.132
T0003707,0.0
T0003978,0.0
T0000233,0.0
T0001099,0.0
T0003845,0.0
T0001266,0.0
T0001982,0.0
T0004830,0.597
T0002717,0.0
T0002408,0.0
T0002178,0.114
T0001970,0.0
T0001540,0.0
T0002497,0.0
T0003106,0.0
T0002826,0.0
T0003001,0.0
T0000308,0.0
T0003070,0.0
T0001940,0.0
T0003002,0.0
T0004056,0.0
T0002750,0.05
T0002014,0.0
T0003969,0.1
T0002194,0.0
T0003013,0.0
T0002015,0.0
T0000581,0.0
T0002384,0.0
T0000495,0.669
T0003652,0.0
T0003642,0.0
T0001660,0.0
T0002954,0.0
T0000956,0.0
T0001053,0.2
T0003078,0.0
T0003395,0.0
T0003783,0.0
T0003792,0.0
T0001636,0.0
T0001831,0.0
T0004140,0.015
T0001457,0.2
T0003723,0.0
T0002144,0.0
T0002161,0.0
T0002444,0.05
T0001042,0.0
T0003898,0.104
T0004466,0.0
T0001156,0.0
T0003434,0.0
T0003803,0.0
T0000941,0.0
T0002475,0.0
T0001291,0.0
T0003760,0.0
T0000334,0.502
T0004294,0.0
T0003603,0.0
T0000676,0.059
T0000478,0.0
T0002071,0.0
T0004075,0.0
T0001182,0.0
T0003306,0.0
T0003138,0.0
T0000541,0.0
T0000227,0.0
T0004102,0.05
T0004157,0.0
T0002269,0.05
T0000624,0.0
T0002016,0.0
T0001913,0.0
T0003635,0.0
T0004283,0.0
T0000795,0.881
T0001054,0.2
T0003361,0.0
T0001171,0.0
T0001012,0.0
T0000007,0.448
T0002270,0.05
T0002179,0.114
T0002948,0.0
T0000131,0.0
T0000885,0.0
T0001552,0.0
T0002694,0.0
T0003751,0.0
T0001954,0.0
T0001403,0.448
T0001267,0.0
T0002002,0.0
T0004819,0.448
T0001368,0.0
T0004083,0.0
T0001527,0.0
T0003879,0.0
T0000245,0.0
T0002540,0.0
T0001983,0.0
T0001528,0.0
T0004110,0.2
T0003793,0.0
T0002140,0.0
T0002429,0.0
T0002481,0.0
T0002048,0.0
T0000843,0.0
T0004187,0.0
T0002603,0.0
T0003422,0.639
T0001760,0.0
T0002866,0.0
T0001465,0.05
T0000496,0.669
T0001472,0.0
T0002036,0.0
T0001637,0.0
T0003014,0.0
T0000730,0.0
T0001492,0.0
T0004047,0.46
T0003521,0.0
T0002695,0.0
T0001728,0.0
T0003441,0.118
T0000427,0.0
T0000739,0.0
T0001562,0.0
T0001385,0.0
T0002189,0.0
T0004025,0.0
T0001404,0.448
T0004408,0.0
T0003693,0.0
T0002827,0.0
T0000166,0.306
T0002333,0.0
T0003913,0.0
T0002885,0.0
T0004558,0.0
T0000321,0.072
T0003804,0.0
T0000061,0.0
T0000435,0.0
T0002459,0.0
T0000518,0.0
T0004063,0.0
T0001134,0.207
T0004705,0.0
T0004135,0.05
T0002696,0.0
T0004559,0.0
T0004374,0.0
T0000449,0.0
T0001548,0.0
T0001268,0.0
T0002221,0.0
T0000414,0.0
T0002584,0.195
T0003545,0.0
T0000195,0.088
T0002755,0.0
T0003237,0.0
T0002409,0.0
T0004009,0.0
T0002129,0.0
T0003761,0.0
T0000866,0.0
T0003604,0.0
T0000963,0.0
T0002585,0.195
T0000335,0.502
T0001256,0.0
T0003734,0.05
T0000145,0.0
T0000740,0.0
T0002955,0.0
T0002410,0.0
T0002656,0.034
T0001729,0.0
T0002880,0.0
T0002385,0.0
T0000801,0.0
T0000349,0.0
T0002956,0.0
T0001252,0.0
T0004351,0.0
T0003874,0.0
T0002199,0.0
T0000524,0.0
T0001409,0.0
T0002145,0.0
T0001394,0.0
T0002141,0.0
T0001172,0.0
T0003060,0.0
T0000415,0.0
T0001868,0.0
T0004651,0.0
T0001410,0.0
T0002326,0.0
T0003653,0.0
T0002327,0.0
T0004319,0.0
T0003708,0.0
T0002350,0.15
T0004689,0.05
T0004908,0.163
T0004909,0.206
T0002562,0.0
T0001348,0.0
T0001575,0.0
T0004910,0.439
T0003546,0.0
T0002284,0.0
T0004911,0.46
T0004912,0.228
T0001971,0.0
T0003694,0.0
T0000984,0.0
T0001063,0.0
T0004336,0.0
T0001429,0.0
T0004484,0.0
T0001842,0.009
T0004506,0.0
T0003451,0.439
T0004805,0.034
T0002489,0.0
T0002404,0.0
T0001964,0.0
T0002464,0.0
T0001485,0.5
T0002636,0.15
T0001438,0.0
T0004295,0.0
T0003379,0.0
T0001275,0.0
T0000336,0.502
T0002847,0.0
T0001493,0.0
T0000294,0.553
T0002285,0.0
T0000182,0.0
T0001028,0.0
T0000964,0.0
T0000998,0.0
T0003204,0.0
T0003452,0.439
T0001449,0.2
T0003129,0.0
T0004519,0.0
T0000645,0.0
T0001680,0.206
T0000704,0.0
T0003683,0.0
T0002774,0.0
T0004719,0.156
T0001584,0.0
T0003095,0.0
T0002107,0.0
T0004393,0.0
T0002360,0.0
T0002277,0.0
T0004249,0.05
T0001576,0.0
T0002037,0.0
T0004827,0.597
T0003338,0.0
T0001761,0.0
T0001984,0.0
T0004533,0.0
T0000196,0.088
T0000146,0.0
T0002439,0.0
T0001592,0.071
T0003575,0.0
T0003951,0.0
T0004643,0.0
T0002506,0.0
T0004560,0.0
T0000999,0.0
T0000034,0.135
T0003220,0.0
T0001941,0.0
T0003281,0.152
T0003957,0.0
T0002922,0.0
T0003466,0.0
T0002817,0.05
T0004250,0.05
T0000833,0.0
T0002657,0.034
T0000638,0.0
T0001213,0.0
T0001593,0.071
T0003396,0.0
T0001300,0.0
T0000957,0.0
T0004220,0.0
T0000371,0.0
T0003946,0.0
T0000985,0.0
T0001043,0.0
T0000082,0.0
T0002465,0.0
T0000014,0.121
T0001112,0.0
T0004621,0.0
T0004822,0.881
T0001786,0.0
T0000015,0.121
T0000965,0.0
T0003286,0.0
T0002099,0.0
T0000404,0.0
T0002286,0.0
T0000683,0.136
T0001029,0.0
T0000428,0.0
T0000405,0.0
T0002818,0.05
T0000457,0.0
T0000663,0.0
T0001851,0.0
T0003461,0.0
T0004730,0.0
T0002626,0.0
T0002828,0.0
T0003442,0.118
T0003583,0.012
T0003890,0.0
T0003607,0.132
T0000731,0.0
T0003258,0.05
T0003522,0.0
T0004198,0.0
T0001064,0.0
T0000024,0.0
T0002213,0.0
T0004749,0.009
T0004385,0.0
T0000295,0.553
T0004057,0.0
T0001126,0.0
T0004635,0.0
T0001730,0.0
T0003079,0.0
T0000025,0.0
T0001072,0.0
T0001301,0.0
T0002586,0.195
T0000470,0.0
T0004287,0.0
T0000246,0.0
T0002180,0.114
T0003174,0.0
T0002972,0.0
T0004337,0.0
T0002411,0.0
T0000285,0.0
T0001832,0.0
T0003158,0.0
T0001688,0.0
T0004010,0.0
T0004826,0.597
T0004776,0.15
T0000895,0.0
T0000322,0.072
T0002063,0.0
T0000008,0.448
T0003096,0.0
T0001790,0.0
T0004199,0.0
T0002445,0.05
T0002637,0.15
T0000705,0.0
T0002861,0.0
T0004569,0.0
T0002678,0.0
T0001430,0.0
T0001925,0.0
T0000615,0.0
T0003596,0.0
T0004141,0.015
T0001065,0.0
T0002829,0.0
T0004496,0.0
T0002658,0.034
T0002898,0.0
T0000274,0.0
T0002767,0.0
T0001186,0.0
T0001302,0.0
T0000280,0.0
T0000741,0.0
T0000877,0.0
T0003958,0.0
T0004152,0.0
T0004644,0.0
T0002214,0.0
T0002190,0.0
T0003035,0.0
T0002541,0.0
T0003293,0.0
T0001310,0.228
T0000397,0.0
T0000784,0.0
T0000197,0.088
T0001563,0.0
T0004259,0.0
T0004720,0.156
T0003901,0.0
T0003250,0.15
T0002732,0.0
T0000337,0.502
T0001594,0.071
T0003569,0.0
T0000553,0.0
T0000234,0.0
T0004251,0.05
T0000083,0.0
T0000105,0.2
T0000258,0.0
T0002931,0.153
T0001030,0.0
T0003061,0.0
T0000112,0.0
T0000542,0.0
T0001340,0.0
T0004092,0.0
T0002017,0.0
T0003036,0.0
T0003199,0.0
T0002923,0.0
T0003863,0.0
T0002278,0.0
T0003221,0.0
T0002899,0.0
T0003080,0.0
T0001553,0.0
T0003771,0.0
T0001720,0.0
T0002420,0.0
T0004118,0.0
T0002881,0.0
T0004093,0.0
T0002136,0.0
T0002394,0.1
T0002733,0.0
T0000269,0.0
T0004304,0.0
T0000265,0.15
T0001669,0.0
T0001852,0.0
T0004520,0.0
T0002351,0.15
T0003772,0.0
T0002008,0.0
T0004142,0.015
T0001800,0.0
T0004362,0.05
T0000780,0.0
T0000377,0.0
T0004758,0.0
T0000504,0.0
T0002638,0.15
T0001100,0.0
T0003833,0.0
T0003222,0.0
T0003952,0.0
T0000608,0.0
T0002886,0.0
T0004608,0.0
T0000993,0.0
T0002057,0.054
T0000572,0.0
T0000564,0.0
T0004652,0.0
T0004803,0.775
T0002310,0.05
T0004578,0.132
T0003159,0.0
T0000554,0.0
T0004636,0.0
T0001081,0.0
T0004040,0.1
T0004514,0.0
T0004035,0.0
T0003259,0.05
T0001076,0.0
T0003266,0.0
T0002222,0.0
T0001322,0.3
T0002571,0.0
T0000856,0.0
T0000416,0.0
T0002957,0.0
T0001823,0.487
T0000350,0.0
T0000198,0.088
T0003864,0.0
T0002756,0.0
T0003322,0.0
T0004820,0.881
T0000450,0.0
T0003667,0.0
T0003926,0.0
T0001595,0.071
T0003339,0.0
T0001411,0.0
T0000436,0.0
T0004338,0.0
T0001323,0.3
T0002701,0.0
T0003684,0.0
T0003668,0.0
T0003097,0.0
T0001214,0.0
T0000986,0.0
T0000351,0.0
T0003914,0.0
T0004458,0.15
T0004119,0.0
T0004540,0.0
T0000084,0.0
T0002373,0.0
T0000886,0.0
T0004026,0.0
T0004485,0.0
T0001507,0.0
T0002806,0.0
T0003947,0.0
T0001127,0.0
T0004657,0.001
T0000323,0.072
T0000384,0.009
T0000113,0.0
T0002529,0.3
T0004325,0.0
T0001549,0.0
T0004436,0.0
T0000802,0.0
T0002542,0.0
T0003654,0.0
T0000497,0.669
T0001926,0.0
T0000958,0.0
T0003970,0.1
T0000352,0.0
T0000530,0.0
T0001638,0.0
T0001672,0.0
T0001204,0.0
T0004120,0.0
T0004813,0.448
T0003484,0.0
T0003752,0.0
T0000270,0.0
T0001853,0.0
T0001044,0.0
T0001330,0.0
T0001843,0.009
T0000324,0.072
T0003098,0.0
T0001331,0.0
T0001708,0.0
T0002498,0.0
T0004497,0.0
T0002615,0.0
T0003661,0.0
T0001476,0.0
T0002466,0.0
T0000009,0.448
T0002081,0.15
T0002120,0.0
T0002757,0.0
T0000825,0.0
T0001673,0.0
T0004111,0.2
T0001606,0.0
T0004525,0.0
T0000887,0.0
T0001237,0.0
T0003939,0.0
T0001880,0.0
T0001564,0.0
T0003794,0.0
T0001809,0.379
T0004260,0.0
T0004437,0.0
T0002841,0.0
T0003784,0.0
T0000461,0.0
T0001000,0.0
T0003795,0.0
T0001215,0.0
T0003428,0.0
T0001914,0.0
T0004467,0.0
T0002951,0.0
T0000437,0.0
T0003953,0.0
T0002515,0.1
T0002639,0.15
T0000810,0.119
T0003200,0.0
T0002316,0.0
T0002395,0.1
T0003362,0.0
T0000817,0.0
T0003369,0.0
T0000767,0.009
T0000114,0.0
T0003223,0.0
T0003151,0.0
T0000510,0.0
T0002779,0.0
T0003724,0.0
T0004269,0.0
T0000156,0.0
T0004852,0.487
T0000573,0.0
T0002900,0.0
T0001596,0.071
T0001597,0.071
T0002973,0.0
T0002334,0.0
T0003453,0.439
T0003643,0.0
T0002862,0.0
T0002317,0.0
T0004143,0.015
T0001508,0.0
T0000818,0.0
T0004112,0.2
T0001231,0.0
T0004750,0.009
T0000785,0.0
T0000338,0.502
T0002361,0.0
T0003229,0.0
T0002291,0.113
T0002279,0.0
T0003503,0.0
T0000406,0.0
T0001652,0.0
T0004239,0.0
T0000026,0.0
T0000115,0.0
T0004127,0.0
T0000398,0.0
T0004797,0.379
T0003408,0.007
T0001369,0.0
T0000362,0.0
T0001781,0.0
T0002718,0.0
T0001055,0.2
T0003145,0.154
T0004270,0.0
T0004475,0.0
T0000429,0.0
T0000177,0.0
T0003523,0.0
T0004663,0.0
T0002430,0.0
T0002914,0.0
T0001577,0.0
T0004288,0.0
T0002146,0.0
T0004339,0.0
T0000044,0.135
T0003685,0.0
T0003160,0.0
T0001955,0.0
T0000555,0.0
T0004048,0.46
T0000834,0.0
T0000742,0.0
T0003624,0.0
T0003435,0.0
T0004770,0.0
T0003608,0.132
T0001001,0.0
T0000385,0.009
T0002467,0.0
T0004430,0.008
T0002679,0.0
T0000803,0.0
T0001073,0.0
T0001077,0.0
T0002640,0.15
T0002549,0.0
T0000966,0.0
T0004579,0.132
T0002468,0.0
T0000609,0.0
T0003120,0.0
T0004011,0.0
T0002842,0.0
T0000386,0.009
T0003161,0.0
T0003825,0.0
T0003454,0.439
T0001395,0.0
T0001889,0.0
T0002963,0.163
T0004284,0.0
T0002090,0.0
T0004386,0.0
T0000498,0.669
T0002908,0.15
T0004459,0.15
T0001782,0.0
T0001128,0.0
T0000499,0.669
T0004808,0.034
T0002727,0.0
T0000525,0.0
T0003099,0.0
T0004486,0.0
T0001113,0.0
T0000878,0.0
T0001078,0.0
T0001386,0.0
T0004278,0.0
T0001898,0.05
T0004001,0.0
T0004314,0.0
T0001529,0.0
T0001431,0.0
T0002915,0.0
T0002072,0.0
T0004777,0.15
T0003260,0.05
T0004442,0.0
T0003291,0.0
T0002687,0.0
T0001653,0.0
T0000016,0.121
T0000526,0.0
T0000762,0.1
T0000296,0.553
T0002688,0.0
T0004443,0.0
T0000757,0.0
T0004609,0.0
T0002328,0.0
T0000093,0.054
T0000189,0.0
T0003467,0.0
T0001118,0.0
T0004012,0.0
T0001311,0.228
T0003251,0.15
T0004394,0.0
T0003388,0.0
T0004551,0.137
T0004570,0.0
T0002982,0.0
T0000928,0.0
T0003979,0.0
T0002734,0.0
T0003891,0.0
T0002049,0.0
T0004507,0.0
T0003492,0.0
T0001762,0.0
T0003230,0.0
T0003186,0.0
T0004352,0.0
T0004064,0.0
T0001654,0.0
T0001498,0.0
T0001643,0.0
T0004840,0.79
T0001644,0.0
T0003146,0.154
T0001578,0.0
T0002469,0.0
T0002130,0.0
T0003231,0.0
T0003363,0.0
T0000199,0.088
T0002058,0.054
T0003307,0.0
T0002848,0.0
T0000519,0.0
T0004630,0.0
T0002318,0.0
T0003725,0.0
T0004682,0.0
T0001205,0.0
T0001194,0.0
T0002958,0.0
T0003695,0.0
T0001031,0.0
T0003899,0.104
T0000651,0.0
T0004200,0.0
T0002849,0.0
T0001763,0.0
T0002490,0.0
T0004128,0.0
T0001439,0.0
T0001876,0.597
T0004664,0.0
T0002200,0.0
T0004580,0.132
T0001554,0.0
T0004201,0.0
T0003423,0.639
T0002131,0.0
T0000664,0.0
T0003954,0.0
T0002641,0.15
T0001615,0.0
T0004526,0.0
T0000035,0.135
T0002616,0.0
T0002009,0.0
T0003504,0.0
T0002038,0.0
T0003081,0.0
T0002181,0.114
T0003796,0.0
T0001466,0.05
T0001555,0.0
T0000219,0.0
T0002836,0.25
T0004645,0.0
T0004845,0.487
T0000652,0.0
T0004167,0.0
T0002719,0.0
T0002311,0.05
T0001238,0.0
T0002491,0.0
T0001239,0.0
T0003294,0.0
T0001903,0.0
T0003082,0.0
T0001494,0.0
T0001243,0.0
T0000967,0.0
T0001279,0.0
T0000309,0.0
T0004590,0.0
T0002362,0.0
T0002863,0.0
T0000929,0.0
T0003805,0.0
T0003726,0.0
T0003980,0.0
T0004370,0.79
T0005176,0.448
T0005179,0.121
T0005182,0.135
T0005185,0.135
T0004626,0.0
T0000556,0.0
T0001269,0.0
T0004041,0.1
T0000987,0.0
T0002460,0.0
T0003918,0.0
T0004353,0.0
T0001195,0.0
T0000325,0.072
T0003121,0.0
T0000684,0.136
T0001626,0.0
T0001516,0.0
T0000310,0.0
T0000693,0.005
T0002033,0.0
T0001045,0.0
T0001517,0.0
T0001975,0.05
T0001396,0.0
T0002587,0.195
T0002507,0.0
T0001232,0.0
T0002588,0.195
T0000378,0.0
T0002352,0.15
T0001135,0.207
T0002121,0.0
T0000685,0.136
T0001370,0.0
T0003605,0.0
T0002780,0.0
T0003022,0.596
T0000094,0.054
T0002082,0.15
T0001518,0.0
T0004296,0.0
T0002374,0.0
T0000116,0.0
T0003686,0.0
T0001378,0.0
T0001985,0.0
T0000200,0.088
T0001616,0.0
T0004320,0.0
T0004498,0.0
T0001509,0.0
T0001579,0.0
T0002261,0.0
T0002335,0.0
T0001908,0.0
T0001585,0.0
T0002508,0.0
T0000706,0.0
T0000671,0.0
T0000942,0.0
T0000157,0.0
T0001173,0.0
T0001927,0.0
T0000707,0.0
T0002018,0.0
T0003023,0.596
T0001570,0.0
T0004937,0.079
T0003267,0.0
T0004202,0.0
T0004940,0.0
T0004949,0.0
T0004158,0.0
T0004013,0.0
T0004934,0.135
T0004943,0.0
T0004952,0.054
T0000085,0.0
T0004387,0.0
T0004946,0.387
T0002909,0.15
T0003083,0.0
T0002122,0.0
T0000768,0.009
T0001965,0.0
T0000943,0.0
T0004431,0.008
T0002702,0.0
T0004476,0.0
T0003576,0.0
T0000201,0.088
T0003424,0.639
T0001522,0.0
T0004285,0.0
T0003773,0.0
T0000901,0.0
T0004928,0.0
T0000062,0.0
T0000158,0.0
T0000913,0.0
T0004121,0.0
T0001224,0.0
T0004958,0.0
T0004721,0.156
T0001270,0.0
T0001358,0.0
T0004955,0.2
T0004188,0.0
T0001752,0.0
T0004159,0.0
T0002627,0.0
T0004261,0.0
T0000251,0.1
T0004964,0.0
T0005172,0.195
T0001709,0.0
T0003774,0.0
T0003775,0.0
T0001530,0.0
T0004931,0.135
T0003625,0.0
T0003152,0.0
T0004084,0.0
T0004798,0.379
T0001710,0.0
T0000454,0.0
T0002901,0.0
T0003205,0.0
T0000548,0.0
T0002182,0.114
T0001312,0.228
T0001721,0.0
T0003323,0.0
T0004925,0.121
T0002476,0.0
T0001942,0.0
T0002775,0.0
T0003524,0.0
T0004189,0.0
T0001674,0.0
T0004961,0.0
T0004922,0.448
T0000826,0.0
T0001089,0.0
T0001711,0.0
T0002781,0.0
T0000698,0.0
T0004221,0.0
T0000213,0.0
T0002572,0.0
T0001149,0.0
T0001870,0.0
T0001854,0.0
T0004444,0.0
T0004795,0.379
T0001833,0.0
T0001101,0.0
T0003052,0.0
T0002412,0.0
T0000582,0.0
T0002837,0.25
T0004409,0.0
T0003555,0.0
T0000849,0.0
T0000045,0.135
T0004847,0.487
T0001032,0.0
T0000339,0.502
T0000914,0.0
T0002996,0.0
T0000017,0.121
T0003556,0.0
T0001783,0.0
T0001777,0.0
T0002703,0.0
T0001737,0.0
T0004203,0.0
T0002887,0.0
T0000132,0.0
T0004477,0.0
T0000583,0.0
T0000630,0.16
T0001046,0.0
T0003139,0.0
T0000769,0.009
T0002252,0.05
T0000584,0.0
T0001877,0.597
T0002666,0.0
T0000827,0.0
T0001440,0.0
T0002642,0.15
T0001655,0.0
T0003443,0.118
T0003816,0.0
T0002689,0.0
T0001966,0.0
T0002446,0.05
T0000432,0.202
T0004153,0.0
T0004527,0.0
T0004468,0.0
T0000297,0.553
T0003865,0.0
T0004103,0.05
T0004706,0.0
T0000511,0.0
T0000732,0.0
T0004791,0.596
T0004305,0.0
T0003785,0.0
T0001379,0.0
T0001458,0.2
T0003919,0.0
T0001412,0.0
T0002336,0.0
T0004410,0.0
T0003797,0.0
T0000417,0.0
T0002910,0.15
T0004665,0.0
T0004432,0.008
T0002201,0.0
T0004228,0.0
T0001422,0.0
T0000959,0.0
T0004610,0.0
T0003268,0.0
T0000147,0.0
T0004240,0.0
T0000167,0.306
T0003806,0.0
T0000781,0.0
T0000046,0.135
T0000140,0.1
T0002563,0.0
T0000616,0.0
T0004375,0.0
T0003510,0.0
T0002431,0.0
T0003826,0.0
T0004190,0.0
T0000010,0.448
T0003834,0.0
T0004534,0.0
T0002154,0.0
T0001943,0.0
T0001013,0.0
T0003324,0.0
T0002711,0.0
T0002108,0.0
T0003817,0.0
T0001387,0.0
T0000902,0.0
T0000063,0.0
T0003444,0.118
T0004191,0.0
T0003455,0.439
T0001541,0.0
T0003858,0.0
T0003920,0.0
T0001531,0.0
T0002530,0.3
T0001359,0.0
T0003776,0.0
T0005034,0.0
T0004981,0.0
T0005134,0.0
T0005047,0.072
T0005081,0.0
T0005000,0.0
T0005144,0.0
T0005091,0.0
T0005143,0.0
T0005067,0.0
T0005126,0.0
T0005079,0.0
T0005064,0.0
T0004990,0.054
T0005036,0.0
T0005078,0.0
T0004982,0.0
T0005122,0.0
T0005060,0.0
T0004975,0.135
T0005030,0.0
T0005099,0.0
T0005145,0.0
T0005140,0.0
T0005121,0.0
T0005017,0.0
T0005026,0.15
T0005059,0.0
T0005056,0.0
T0005074,0.0
T0005057,0.0
T0005028,0.15
T0005045,0.0
T0005115,0.0
T0004997,0.0
T0004985,0.387
T0004995,0.0
T0005096,0.0
T0005062,0.0
T0005006,0.0
T0004986,0.387
T0005097,0.0
T0005118,0.0
T0004991,0.054
T0004966,0.448
T0005132,0.0
T0005084,0.0
T0004967,0.448
T0005011,0.088
T0005023,0.0
T0005095,0.0
T0005027,0.15
T0005002,0.0
T0005032,0.0
T0004994,0.0
T0005022,0.0
T0005040,0.0
T0005021,0.0
T0005041,0.553
T0005065,0.0
T0005003,0.0
T0005127,0.0
T0005005,0.0
T0004989,0.0
T0000202,0.088
T0005083,0.0
T0005038,0.0
T0005069,0.0
T0005007,0.0
T0005123,0.0
T0005120,0.0
T0005004,0.0
T0005066,0.0
T0005141,0.0
T0004992,0.054
T0005085,0.0
T0005009,0.0
T0005101,0.0
T0005111,0.0
T0005130,0.0
T0005105,0.0
T0004980,0.079
T0005001,0.0
T0004996,0.0
T0004987,0.0
T0004976,0.135
T0005113,0.0
T0005071,0.0
T0005054,0.0
T0005072,0.0
T0005133,0.0
T0005100,0.0
T0005051,0.502
T0005125,0.0
T0005044,0.0
T0005110,0.0
T0005137,0.0
T0004999,0.0
T0005024,0.0
T0005104,0.0
T0005077,0.0
T0005058,0.0
T0005055,0.0
T0005116,0.0
T0005131,0.0
T0005049,0.072
T0005136,0.0
T0004993,0.0
T0005075,0.0
T0004972,0.135
T0005106,0.0
T0005013,0.088
T0004974,0.135
T0005042,0.553
T0005025,0.0
T0005119,0.0
T0005035,0.0
T0005052,0.502
T0005117,0.0
T0005029,0.0
T0005142,0.0
T0004983,0.0
T0005114,0.0
T0005080,0.0
T0005087,0.0
T0005092,0.669
T0005135,0.0
T0005102,0.0
T0005018,0.0
T0005098,0.0
T0005103,0.0
T0004984,0.387
T0005128,0.0
T0005076,0.0
T0004971,0.121
T0005138,0.0
T0004968,0.448
T0005050,0.502
T0005109,0.0
T0005019,0.0
T0004977,0.135
T0005020,0.0
T0005016,0.0
T0005068,0.0
T0005089,0.0
T0005124,0.0
T0005139,0.0
T0005112,0.0
T0005061,0.0
T0005082,0.0
T0004978,0.079
T0005063,0.0
T0005090,0.0
T0004969,0.121
T0000512,0.0
T0005015,0.0
T0005053,0.0
T0005039,0.0
T0005010,0.0
T0005070,0.0
T0005037,0.0
T0005093,0.669
T0005046,0.0
T0005088,0.0
T0005012,0.088
T0004979,0.079
T0005043,0.553
T0005108,0.0
T0005048,0.072
T0005129,0.0
T0004988,0.0
T0005094,0.669
T0005107,0.0
T0005073,0.0
T0004973,0.135
T0004998,0.0
T0005014,0.0
T0005008,0.0
T0005031,0.0
T0004970,0.121
T0005086,0.0
T0005033,0.0
T0002964,0.163
T0004673,0.302
T0002027,0.0
T0004340,0.0
T0002690,0.0
T0002319,0.0
T0004793,0.379
T0002573,0.0
T0001890,0.0
T0001928,0.0
T0002073,0.0
T0003971,0.1
T0000867,0.0
T0003037,0.0
T0001486,0.5
T0004478,0.0
T0003934,0.0
T0003409,0.007
T0000036,0.135
T0002091,0.0
T0001082,0.0
T0003807,0.0
T0001834,0.0
T0000079,0.387
T0002604,0.0
T0002375,0.0
T0000064,0.0
T0001332,0.0
T0004129,0.0
T0000095,0.054
T0004715,0.0
T0001617,0.0
T0004420,0.0
T0001696,0.0
T0000944,0.0
T0000363,0.0
T0004326,0.0
T0000819,0.0
T0000438,0.0
T0000850,0.0
T0002183,0.114
T0003741,0.0
T0002171,0.0
T0002386,0.0
T0001944,0.0
T0000479,0.0
T0003880,0.0
T0004271,0.0
T0004697,0.0
T0003100,0.0
T0003468,0.0
T0003742,0.0
T0000252,0.1
T0003981,0.0
T0003735,0.05
T0003777,0.0
T0001459,0.2
T0002092,0.0
T0003410,0.007
T0001791,0.0
T0003166,0.0
T0004598,0.0
T0003982,0.0
T0004771,0.0
T0000353,0.0
T0003187,0.0
T0001405,0.448
T0000513,0.0
T0005173,0.195
T0004772,0.0
T0000340,0.502
T0002100,0.0
T0004707,0.0
T0000069,0.0
T0002262,0.0
T0004173,0.0
T0000471,0.0
T0001467,0.05
T0004487,0.0
T0004196,0.05
T0003201,0.0
T0003469,0.0
T0003687,0.0
T0003038,0.0
T0003295,0.0
T0003709,0.0
T0003470,0.0
T0002531,0.3
T0004508,0.0
T0003039,0.0
T0000896,0.0
T0000786,0.0
T0002337,0.0
T0002550,0.0
T0002578,0.1
T0004122,0.0
T0003188,0.0
T0002564,0.0
T0002667,0.0
T0002712,0.0
T0004123,0.0
T0002796,0.0
T0000070,0.0
T0003753,0.0
T0001891,0.0
T0003243,0.0
T0001519,0.0
T0002617,0.0
T0001738,0.0
T0001371,0.0
T0003189,0.0
T0004561,0.0
T0000915,0.0
T0001206,0.0
T0000686,0.136
T0004838,0.79
T0002643,0.15
T0004388,0.0
T0004622,0.0
T0001406,0.448
T0003927,0.0
T0001225,0.0
T0001712,0.0
T0003010,0.0
T0002223,0.0
T0001441,0.0
T0001021,0.303
T0000500,0.669
T0001699,0.0
T0003696,0.0
T0001423,0.0
T0002191,0.0
T0001801,0.0
T0002499,0.0
T0001892,0.0
T0000708,0.0
T0001114,0.0
T0000472,0.0
T0001645,0.0
T0003370,0.0
T0000828,0.0
T0004637,0.0
T0001703,0.0
T0003445,0.118
T0002551,0.0
T0002421,0.0
T0003859,0.0
T0002312,0.05
T0001768,0.0
T0004272,0.0
T0002618,0.0
T0003340,0.0
T0002735,0.0
T0002387,0.0
T0001424,0.0
T0005174,0.195
T0004395,0.0
T0001136,0.207
T0002965,0.163
T0004794,0.379
T0000897,0.0
T0002405,0.0
T0002589,0.195
T0001349,0.0
T0000988,0.0
T0001196,0.0
T0001929,0.0
T0001915,0.0
T0002207,0.0
T0004528,0.0
T0002074,0.0
T0001102,0.0
T0004690,0.05
T0004241,0.0
T0002644,0.15
T0002208,0.0
T0004722,0.156
T0000665,0.0
T0002532,0.3
T0000566,0.0
T0001360,0.0
T0002368,0.0
T0001137,0.207
T0004289,0.0
T0003626,0.0
T0000480,0.0
T0001090,0.0
T0001956,0.0
T0004674,0.302
T0001226,0.0
T0003436,0.0
T0000247,0.0
T0004723,0.156
T0002543,0.0
T0003959,0.0
T0002592,0.0
T0000214,0.0
T0004229,0.0
T0002790,0.091
T0002241,0.0
T0002010,0.0
T0000534,0.0
T0003754,0.0
T0002916,0.0
T0000531,0.0
T0001532,0.0
T0000625,0.0
T0000820,0.0
T0002155,0.0
T0001844,0.009
T0002605,0.0
T0003107,0.0
T0001388,0.0
T0003577,0.0
T0004242,0.0
T0004211,0.262
T0002758,0.0
T0001994,0.174
T0001722,0.0
T0000610,0.0
T0003329,0.0
T0000796,0.881
T0003044,0.0
T0004792,0.379
T0003330,0.0
T0000148,0.0
T0000921,0.0
T0003429,0.0
T0002888,0.0
T0003584,0.012
T0002256,0.05
T0002680,0.0
T0004833,0.597
T0004751,0.009
T0004445,0.0
T0004058,0.0
T0004049,0.46
T0001881,0.0
T0004222,0.0
T0004675,0.302
T0004341,0.0
T0003397,0.0
T0000430,0.0
T0000743,0.0
T0002593,0.0
T0001157,0.0
T0002132,0.0
T0002659,0.034
T0003308,0.0
T0000916,0.0
T0002454,0.0
T0001845,0.009
T0001835,0.0
T0000744,0.0
T0001824,0.487
T0000203,0.088
T0000159,0.0
T0001639,0.0
T0003808,0.0
T0004708,0.0
T0000047,0.135
T0003029,0.0
T0000080,0.387
T0002413,0.0
T0000917,0.0
T0001802,0.0
T0000888,0.0
T0002668,0.0
T0001510,0.0
T0001957,0.0
T0000903,0.0
T0004581,0.132
T0000358,0.0
T0002101,0.0
T0003809,0.0
T0002192,0.0
T0003024,0.596
T0004174,0.0
T0000071,0.0
T0000439,0.0
T0000871,0.0
T0000440,0.0
T0002287,0.0
T0004499,0.0
T0001187,0.0
T0001425,0.0
T0003644,0.0
T0001442,0.0
T0002713,0.0
T0002736,0.0
T0001079,0.0
T0000835,0.0
T0003866,0.0
T0000672,0.0
T0003153,0.0
T0004698,0.0
T0002741,0.0
T0001361,0.0
T0002565,0.0
T0001810,0.379
T0001397,0.0
T0001033,0.0
T0002304,0.0
T0000055,0.079
T0002028,0.0
T0000037,0.135
T0004371,0.79
T0001443,0.0
T0002911,0.15
T0004389,0.0
T0000889,0.0
T0000930,0.0
T0003875,0.0
T0001207,0.0
T0003714,0.0
T0004050,0.46
T0004529,0.0
T0003655,0.0
T0001627,0.0
T0003045,0.0
T0000311,0.0
T0002742,0.0
T0002606,0.0
T0001739,0.0
T0002059,0.054
T0003062,0.0
T0003597,0.0
T0002369,0.0
T0004354,0.0
T0000298,0.553
T0004800,0.775
T0001586,0.0
T0001257,0.0
T0002628,0.0
T0001899,0.05
T0003798,0.0
T0002482,0.0
T0000646,0.0
T0000631,0.16
T0000945,0.0
T0002997,0.0
T0004658,0.001
T0004306,0.0
T0004843,0.79
T0000160,0.0
T0002440,0.0
T0000501,0.669
T0000745,0.0
T0001407,0.448
T0003162,0.0
T0002782,0.0
T0003309,0.0
T0001904,0.0
T0003736,0.05
T0004782,0.15
T0004290,0.0
T0000724,0.0
T0002516,0.1
T0003697,0.0
T0000857,0.0
T0003928,0.0
T0002681,0.0
T0002983,0.0
T0004273,0.0
T0004500,0.0
T0002224,0.0
T0001014,0.0
T0002172,0.0
T0002959,0.0
T0001218,0.0
T0003609,0.132
T0000763,0.1
T0000312,0.0
T0000602,0.0
T0001258,0.0
T0004744,0.0
T0000096,0.054
T0000968,0.0
T0000364,0.0
T0002242,0.0
T0001640,0.0
T0004818,0.448
T0002294,0.0
T0002660,0.034
T0001740,0.0
T0001083,0.0
T0004342,0.0
T0001731,0.0
T0002645,0.15
T0000086,0.0
T0003331,0.0
T0002353,0.15
T0002209,0.0
T0000922,0.0
T0002924,0.0
T0004262,0.0
T0004376,0.0
T0003224,0.0
T0001452,0.0
T0000673,0.0
T0000183,0.0
T0004611,0.0
T0000299,0.553
T0003743,0.0
T0003778,0.0
T0000458,0.0
T0004243,0.0
T0003994,0.0
T0001803,0.0
T0000653,0.0
T0004144,0.015
T0003688,0.0
T0003892,0.0
T0000851,0.0
T0004807,0.034
T0002952,0.0
T0003744,0.0
T0002447,0.05
T0004841,0.79
T0000821,0.0
T0004168,0.0
T0001523,0.0
T0002646,0.15
T0001792,0.0
T0001138,0.207
T0000344,0.0
T0004446,0.0
T0004530,0.0
T0001362,0.0
T0004372,0.79
T0003893,0.0
T0003645,0.0
T0004900,1.0
T0004878,1.0
T0004904,1.0
T0004879,0.034
T0004902,0.79
T0004905,0.487
T0004901,0.79
T0004906,0.487
T0004880,0.034
T0004903,0.79
T0004871,1.0
T0004894,1.0
T0004881,0.034
T0004872,0.775
T0002414,0.0
T0004895,0.597
T0004896,0.597
T0004873,0.775
T0000345,0.0
T0004889,1.0
T0004874,0.775
T0004858,1.0
T0004890,0.881
T0004875,0.775
T0004897,0.597
T0004891,0.881
T0004898,0.597
T0004859,0.596
T0004861,0.596
T0004863,0.596
T0004860,0.596
T0004892,0.881
T0004899,0.597
T0004865,0.596
T0004876,0.775
T0004883,1.0
T0004877,0.775
T0004907,0.487
T0001333,0.0
T0004884,0.448
T0003003,0.0
T0004893,0.881
T0004862,0.596
T0004864,0.596
T0004885,0.448
T0004886,0.448
T0004853,1.0
T0004887,0.448
T0004866,1.0
T0004868,0.379
T0004855,0.15
T0004854,0.15
T0004867,0.379
T0004856,0.15
T0000593,0.0
T0004870,0.379
T0004869,0.379
T0004882,0.034
T0004599,0.0
T0004076,0.0
T0004857,0.15
T0002998,0.0
T0004888,0.448
T0001139,0.207
T0004421,0.0
T0004263,0.0
T0001380,0.0
T0001628,0.0
T0000923,0.0
T0003656,0.0
T0004027,0.0
T0001413,0.0
T0001140,0.207
T0002850,0.0
T0001713,0.0
T0003727,0.0
T0001150,0.0
T0001641,0.0
T0003646,0.0
T0001453,0.0
T0003960,0.0
T0000481,0.0
T0002432,0.0
T0003715,0.0
T0003130,0.0
T0003206,0.0
T0001398,0.0
T0003511,0.0
T0001661,0.0
T0001511,0.0
T0001860,0.0
T0000097,0.054
T0004059,0.0
T0003493,0.0
T0002691,0.0
T0001664,0.0
T0000027,0.0
T0000117,0.0
T0001986,0.0
T0000326,0.072
T0000011,0.448
T0002147,0.0
T0002759,0.0
T0002851,0.0
T0003627,0.0
T0002422,0.0
T0002932,0.153
T0001689,0.0
T0001598,0.071
T0004469,0.0
T0004759,0.0
T0001151,0.0
T0002933,0.153
T0002594,0.0
T0003354,0.0
T0003131,0.0
T0000666,0.0
T0003669,0.0
T0003154,0.0
T0002852,0.0
T0000746,0.0
T0002156,0.0
T0002448,0.05
T0000482,0.0
T0001885,0.0
T0002461,0.0
T0003618,0.016
T0000639,0.0
T0001389,0.0
T0001158,0.0
T0002619,0.0
T0001556,0.0
T0001769,0.0
T0001618,0.0
T0000904,0.0
T0001129,0.0
T0002737,0.0
T0001909,0.0
T0003505,0.0
T0004355,0.0
T0000123,0.0
T0004279,0.0
T0004501,0.0
T0004094,0.0
T0001414,0.0
T0000399,0.0
T0004612,0.0
T0000804,0.0
T0003525,0.0
T0000215,0.0
T0004175,0.0
T0004377,0.0
T0002011,0.0
T0002195,0.0
T0000733,0.0
T0000747,0.0
T0000072,0.0
T0002743,0.0
T0004373,0.79
T0001188,0.0
T0001002,0.0
T0003296,0.0
T0004411,0.0
T0003835,0.0
T0002320,0.0
T0000557,0.0
T0004244,0.0
T0002595,0.0
T0004488,0.0
T0000407,0.0
T0002263,0.0
T0000567,0.0
T0004646,0.0
T0004017,0.0
T0002882,0.0
T0000365,0.0
T0002202,0.0
T0003380,0.0
T0000216,0.0
T0001167,0.1
T0001967,0.0
T0002034,0.0
T0002396,0.1
T0001818,0.156
T0001930,0.0
T0002768,0.0
T0002019,0.0
T0000228,0.0
T0001662,0.0
T0002093,0.0
T0001084,0.0
T0004230,0.0
T0003071,0.0
T0001512,0.0
T0004691,0.05
T0004736,0.0
T0004582,0.132
T0003371,0.0
T0002210,0.0
T0003355,0.0
T0003526,0.0
T0004396,0.0
T0003244,0.0
T0003961,0.0
T0003940,0.0
T0002162,0.0
T0000418,0.0
T0002455,0.0
T0001945,0.0
T0004212,0.262
T0002215,0.0
T0003084,0.0
T0002697,0.0
T0002682,0.0
T0004638,0.0
T0002704,0.0
T0000654,0.0
T0002791,0.091
T0000527,0.0
T0000168,0.306
T0004479,0.0
T0002133,0.0
T0003456,0.439
T0004412,0.0
T0001599,0.071
T0003676,0.0
T0004531,0.0
T0000505,0.0
T0003252,0.15
T0002807,0.0
T0003983,0.0
T0001811,0.379
T0001836,0.0
T0001152,0.0
T0003827,0.0
T0000300,0.553
T0000081,0.387
T0001700,0.0
T0002808,0.0
T0002819,0.05
T0001855,0.0
T0002760,0.0
T0001931,0.0
T0004613,0.0
T0000585,0.0
T0003132,0.0
T0000012,0.448
T0002193,0.0
T0000133,0.0
T0002797,0.0
T0000056,0.079
T0001450,0.2
T0002500,0.0
T0000239,0.0
T0003818,0.0
T0002960,0.0
T0004204,0.0
T0001341,0.0
T0002216,0.0
T0001778,0.0
T0004562,0.0
T0000611,0.0
T0003292,0.0
T0002397,0.1
T0003972,0.1
T0000640,0.0
T0000098,0.054
T0000048,0.135
T0002574,0.0
T0004541,0.0
T0001487,0.5
T0002134,0.0
T0000863,0.0
T0004327,0.0
T0003347,0.251
T0000612,0.0
T0001675,0.0
T0003213,0.0
T0004077,0.0
T0004683,0.0
T0004583,0.132
T0002323,0.0
T0002363,0.0
T0000271,0.0
T0004460,0.15
T0003995,0.0
T0004192,0.0
T0002744,0.0
T0001488,0.5
T0000535,0.0
T0001893,0.0
T0002683,0.0
T0003902,0.0
T0000764,0.1
T0003903,0.0
T0003984,0.0
T0001444,0.0
T0000594,0.0
T0004136,0.05
T0001787,0.0
T0003471,0.0
T0003677,0.0
T0001240,0.0
T0002477,0.0
T0000805,0.0
T0001804,0.0
T0001233,0.0
T0003313,0.0
T0000099,0.054
T0001197,0.0
T0005186,0.135
T0004521,0.0
T0003915,0.0
T0002398,0.1
T0001793,0.0
T0001681,0.206
T0001381,0.0
T0000858,0.0
T0002003,0.0
T0001723,0.0
T0000441,0.0
T0000235,0.0
T0001382,0.0
T0000770,0.009
T0001056,0.2
T0002483,0.0
T0001303,0.0
T0003851,0.0
T0004639,0.0
T0004113,0.2
T0001066,0.0
T0000134,0.0
T0003167,0.0
T0002974,0.0
T0003015,0.0
T0000912,0.05
T0000859,0.0
T0002364,0.0
T0003698,0.0
T0003341,0.0
T0001607,0.0
T0004378,0.0
T0004205,0.0
T0003175,0.0
T0003275,0.0
T0001861,0.0
T0001862,0.0
T0001656,0.0
T0000462,0.0
T0001825,0.487
T0004060,0.0
T0003876,0.0
T0001227,0.0
T0002109,0.0
T0001894,0.0
T0004627,0.0
T0000989,0.0
T0004438,0.0
T0003537,0.0
T0000626,0.0
T0003300,0.0
T0000346,0.0
T0002102,0.0
T0001350,0.0
T0000057,0.079
T0002738,0.0
T0003494,0.0
T0004390,0.0
T0000229,0.0
T0001115,0.0
T0003962,0.0
T0004653,0.0
T0001015,0.0
T0000106,0.2
T0001784,0.0
T0001103,0.0
T0004274,0.0
T0000220,0.0
T0000709,0.0
T0003063,0.0
T0002415,0.0
T0001468,0.05
T0000149,0.0
T0003628,0.0
T0002843,0.0
T0002039,0.0
T0001034,0.0
T0004552,0.137
T0002064,0.0
T0000973,0.05
T0003332,0.0
T0000463,0.0
T0003133,0.0
T0003852,0.0
T0001619,0.0
T0001374,0.0
T0004470,0.0
T0000169,0.306
T0001753,0.0
T0002949,0.0
T0004584,0.132
T0003253,0.15
T0000135,0.0
T0002552,0.0
T0003225,0.0
T0003140,0.0
T0000806,0.0
T0002376,0.0
T0001856,0.0
T0002809,0.0
T0002647,0.15
T0001916,0.0
T0004404,0.0
T0002094,0.0
T0000161,0.0
T0000230,0.0
T0002354,0.15
T0000641,0.0
T0004614,0.0
T0002148,0.0
T0004591,0.0
T0002149,0.0
T0001091,0.0
T0003325,0.0
T0000931,0.0
T0004405,0.0
T0003342,0.0
T0003647,0.0
T0003619,0.016
T0000822,0.0
T0000568,0.0
T0002692,0.0
T0001092,0.0
T0002728,0.0
T0001976,0.05
T0002184,0.114
T0002225,0.0
T0000549,0.0
T0001741,0.0
T0003053,0.0
T0001949,0.0
T0000073,0.0
T0001950,0.0
T0003314,0.0
T0004181,0.0
T0002853,0.0
T0000275,0.0
T0002874,0.0
T0000087,0.0
T0004699,0.0
T0000829,0.0
T0002065,0.0
T0003054,0.0
T0002714,0.0
T0000823,0.0
T0001280,0.0
T0000868,0.0
T0004654,0.0
T0004223,0.0
T0001770,0.0
T0002243,0.0
T0002416,0.0
T0004615,0.0
T0002004,0.0
T0002648,0.15
T0003207,0.0
T0003670,0.0
T0003190,0.0
T0004542,0.0
T0001764,0.0
T0003985,0.0
T0001812,0.379
T0004291,0.0
T0001351,0.0
T0003383,0.05
T0003867,0.0
T0001304,0.0
T0001972,0.0
T0003254,0.15
T0001900,0.05
T0004616,0.0
T0001571,0.0
T0000655,0.0
T0002226,0.0
T0002596,0.0
T0000281,0.0
T0003557,0.0
T0003437,0.0
T0002264,0.0
T0001313,0.228
T0004028,0.0
T0002867,0.0
T0003384,0.05
T0000647,0.0
T0002820,0.05
T0003269,0.0
T0002012,0.0
T0003648,0.0
T0003030,0.0
T0001067,0.0
T0003900,0.104
T0000464,0.0
T0003868,0.0
T0002005,0.0
T0002217,0.0
T0001580,0.0
T0001399,0.0
T0001390,0.0
T0002821,0.05
T0001634,0.05
T0004018,0.0
T0001183,0.0
T0000586,0.0
T0000483,0.0
T0003108,0.0
T0001130,0.0
T0003538,0.0
T0002050,0.0
T0003894,0.0
T0000124,0.0
T0003090,0.0
T0002669,0.0
T0002232,0.0
T0002433,0.0
T0004692,0.05
T0004328,0.0
T0001259,0.0
T0003869,0.0
T0004600,0.0
T0002321,0.0
T0000301,0.553
T0004916,0.0
T0001670,0.0
T0000642,0.0
T0003457,0.439
T0003425,0.639
T0004433,0.008
T0003716,0.0
T0002739,0.0
T0003570,0.0
T0000656,0.0
T0001057,0.2
T0000595,0.0
T0002492,0.0
T0000677,0.059
T0001742,0.0
T0001035,0.0
T0003163,0.0
T0004684,0.0
T0000932,0.0
T0002705,0.0
T0001533,0.0
T0001910,0.0
T0000473,0.0
T0003799,0.0
T0002553,0.0
T0001534,0.0
T0003614,0.05
T0003610,0.132
T0001276,0.0
T0000276,0.0
T0001901,0.05
T0002355,0.15
T0004176,0.0
T0001995,0.174
T0003343,0.0
T0002388,0.0
T0004029,0.0
T0000451,0.0
T0002365,0.0
T0000918,0.0
T0002783,0.0
T0002233,0.0
T0000058,0.079
T0000162,0.0
T0000184,0.0
T0001495,0.0
T0001415,0.0
T0000678,0.059
T0003649,0.0
T0004391,0.0
T0001987,0.0
T0000484,0.0
T0004647,0.0
T0000587,0.0
T0003527,0.0
T0002271,0.05
T0002966,0.163
T0003948,0.0
T0000442,0.0
T0000852,0.0
T0001244,0.0
T0004709,0.0
T0004676,0.302
T0004760,0.0
T0001671,0.0
T0001629,0.0
T0001620,0.0
T0004292,0.0
T0001271,0.0
T0001260,0.0
T0002693,0.0
T0002478,0.0
T0001657,0.0
T0000949,0.0
T0003973,0.1
T0003004,0.0
T0005177,0.448
T0004065,0.0
T0002211,0.0
T0002423,0.0
T0004737,0.0
T0004343,0.0
T0000933,0.0
T0001524,0.0
T0002868,0.0
T0002761,0.0
T0002095,0.0
T0001085,0.0
T0000627,0.0
T0003810,0.0
T0000455,0.0
T0000687,0.136
T0003846,0.0
T0004601,0.0
T0004070,0.0
T0001663,0.0
T0002934,0.153
T0002942,0.017
T0000710,0.0
T0003949,0.0
T0004397,0.0
T0004585,0.132
T0004502,0.0
T0000088,0.0
T0001557,0.0
T0000588,0.0
T0003155,0.0
T0004413,0.0
T0002150,0.0
T0001520,0.0
T0003728,0.0
T0003745,0.0
T0000028,0.0
T0003232,0.0
T0000711,0.0
T0003737,0.05
T0004297,0.0
T0004693,0.05
T0002969,0.0
T0002720,0.0
T0002470,0.0
T0001996,0.174
T0002984,0.0
T0001946,0.0
T0003398,0.0
T0003836,0.0
T0000443,0.0
T0001219,0.0
T0000313,0.0
T0003819,0.0
T0003571,0.0
T0000100,0.054
T0003598,0.0
T0003847,0.0
T0004066,0.0
T0001630,0.0
T0002424,0.0
T0000314,0.0
T0004434,0.008
T0002115,0.0
T0001572,0.0
T0000118,0.0
T0001947,0.0
T0003446,0.118
T0001086,0.0
T0000302,0.553
T0000872,0.0
T0000679,0.059
T0004694,0.05
T0002377,0.0
T0000236,0.0
T0002163,0.0
T0004392,0.0
T0001826,0.487
T0001827,0.487
T0002051,0.0
T0003122,0.0
T0002792,0.091
T0003245,0.0
T0001104,0.0
T0002522,0.0
T0000107,0.2
T0003916,0.0
T0001119,0.0
T0004471,0.0
T0004398,0.0
T0002961,0.0
T0001813,0.379
T0000617,0.0
T0002721,0.0
T0002649,0.15
T0003091,0.0
T0001882,0.0
T0003046,0.0
T0000387,0.009
T0000717,0.0
T0004543,0.0
T0002509,0.0
T0003458,0.439
T0003710,0.0
T0001932,0.0
T0002935,0.153
T0002533,0.3
T0003539,0.0
T0002629,0.0
T0004160,0.0
T0001743,0.0
T0002288,0.0
T0004489,0.0
T0001521,0.0
T0001819,0.156
T0001785,0.0
T0004356,0.0
T0001911,0.0
T0000946,0.0
T0001724,0.0
T0003935,0.0
T0001416,0.0
T0000844,0.0
T0003689,0.0
T0004145,0.015
T0002684,0.0
T0001714,0.0
T0003214,0.0
T0001141,0.207
T0002218,0.0
T0002597,0.0
T0002798,0.0
T0001744,0.0
T0002685,0.0
T0003310,0.0
T0001314,0.228
T0000574,0.0
T0001600,0.071
T0003551,0.0
T0000141,0.1
T0004036,0.0
T0004206,0.0
T0000266,0.15
T0001334,0.0
T0001895,0.0
T0001676,0.0
T0000474,0.0
T0004005,0.0
T0004307,0.0
T0001837,0.0
T0000221,0.0
T0003552,0.0
T0001997,0.174
T0001174,0.0
T0003786,0.0
T0002052,0.0
T0002456,0.0
T0002066,0.0
T0004399,0.0
T0002566,0.0
T0001905,0.0
T0004252,0.05
T0004628,0.0
T0000388,0.009
T0003372,0.0
T0003820,0.0
T0001477,0.0
T0003472,0.0
T0002479,0.0
T0000836,0.0
T0003311,0.0
T0004379,0.0
T0000282,0.0
T0001883,0.0
T0002164,0.0
T0002943,0.017
T0004553,0.137
T0004655,0.0
T0004275,0.0
T0003373,0.0
T0003430,0.0
T0003578,0.0
T0004535,0.0
T0002670,0.0
T0002040,0.0
T0001153,0.0
T0001587,0.0
T0004592,0.0
T0001499,0.0
T0000074,0.0
T0004427,0.0
T0001022,0.303
T0002812,0.0
T0003986,0.0
T0002295,0.0
T0002544,0.0
T0000905,0.0
T0003191,0.0
T0000596,0.0
T0001281,0.0
T0003233,0.0
T0002399,0.1
T0003431,0.0
T0002425,0.0
T0003662,0.0
T0003528,0.0
T0003025,0.596
T0000979,0.0
T0001245,0.0
T0000734,0.0
T0003109,0.0
T0001581,0.0
T0002620,0.0
T0004298,0.0
T0001105,0.0
T0003589,0.0
T0004617,0.0
T0003485,0.0
T0004051,0.46
T0002449,0.05
T0004490,0.0
T0001305,0.0
T0002630,0.0
T0003881,0.0
T0003064,0.0
T0000632,0.16
T0002389,0.0
T0004563,0.0
T0001814,0.379
T0001168,0.1
T0004182,0.0
T0002338,0.0
T0004631,0.0
T0000204,0.088
T0002830,0.0
T0001478,0.0
T0002501,0.0
T0002103,0.0
T0001513,0.0
T0003762,0.0
T0000990,0.0
T0001352,0.0
T0002517,0.1
T0000347,0.0
T0001058,0.2
T0000890,0.0
T0000618,0.0
T0001765,0.0
T0003547,0.0
T0000633,0.16
T0003065,0.0
T0001704,0.0
T0001542,0.0
T0000994,0.0
T0004509,0.0
T0004002,0.0
T0001588,0.0
T0001871,0.0
T0001766,0.0
T0000950,0.0
T0004042,0.1
T0003270,0.0
T0004161,0.0
T0002567,0.0
T0003590,0.0
T0004544,0.0
T0000272,0.0
T0000634,0.16
T0002799,0.0
T0002985,0.0
T0002822,0.05
T0003711,0.0
T0002621,0.0
T0000969,0.0
T0002598,0.0
T0002434,0.0
T0004640,0.0
T0002339,0.0
T0001342,0.0
T0000400,0.0
T0002041,0.0
T0002020,0.0
T0001460,0.2
T0002219,0.0
T0001253,0.0
T0003671,0.0
T0004564,0.0
T0004522,0.0
T0000748,0.0
T0002925,0.0
T0003031,0.0
T0002265,0.0
T0002450,0.05
T0002769,0.0
T0000038,0.135
T0002060,0.054
T0002441,0.0
T0001120,0.0
T0004752,0.009
T0000688,0.136
T0000891,0.0
T0004363,0.05
T0001677,0.0
T0004095,0.0
T0003729,0.0
T0003512,0.0
T0003486,0.0
T0005183,0.135
T0000465,0.0
T0002502,0.0
T0001582,0.0
T0003282,0.152
T0004264,0.0
T0002518,0.1
T0003134,0.0
T0003615,0.05
T0003055,0.0
T0000520,0.0
T0002889,0.0
T0002883,0.0
T0004299,0.0
T0000749,0.0
T0000267,0.15
T0002671,0.0
T0004224,0.0
T0002484,0.0
T0003426,0.639
T0001863,0.0
T0002075,0.0
T0000643,0.0
T0005180,0.121
T0003110,0.0
T0002340,0.0
T0002926,0.0
T0004344,0.0
T0004716,0.0
T0002810,0.0
T0000787,0.0
T0000771,0.009
T0002042,0.0
T0002173,0.0
T0000379,0.0
T0004593,0.0
T0003811,0.0
T0004554,0.137
T0001771,0.0
T0002426,0.0
T0004753,0.009
T0004738,0.0
T0001175,0.0
T0004207,0.0
T0001306,0.0
T0001958,0.0
T0002875,0.0
T0003616,0.05
T0003548,0.0
T0004491,0.0
T0003147,0.154
T0004096,0.0
T0004308,0.0
T0002686,0.0
T0002227,0.0
T0002650,0.15
T0003585,0.012
T0002356,0.15
T0004043,0.1
T0003072,0.0
T0001701,0.0
T0000845,0.0
T0000725,0.0
T0003540,0.0
T0000240,0.0
T0001142,0.207
T0003283,0.152
T0003238,0.0
T0003904,0.0
T0001959,0.0
T0004480,0.0
T0001565,0.0
T0004309,0.0
T0001154,0.0
T0002185,0.114
T0002006,0.0
T0001047,0.0
T0002568,0.0
T0004300,0.0
T0000613,0.0
T0000217,0.0
T0004137,0.05
T0004717,0.0
T0002378,0.0
T0003148,0.154
T0003620,0.016
T0001846,0.009
T0001189,0.0
T0004019,0.0
T0003141,0.0
T0000248,0.0
T0003860,0.0
T0000667,0.0
T0001500,0.0
T0001732,0.0
T0001543,0.0
T0003047,0.0
T0001535,0.0
T0003111,0.0
T0002510,0.0
T0000419,0.0
T0004138,0.05
T0003315,0.0
T0002174,0.0
T0002607,0.0
T0004280,0.0
T0002579,0.1
T0001220,0.0
T0003987,0.0
T0002341,0.0
T0003882,0.0
T0004648,0.0
T0003399,0.0
T0000475,0.0
T0002203,0.0
T0001951,0.0
T0002869,0.0
T0002234,0.0
T0001400,0.0
T0002870,0.0
T0004938,0.079
T0003828,0.0
T0004926,0.121
T0000532,0.0
T0003905,0.0
T0004618,0.0
T0003853,0.0
T0002672,0.0
T0004052,0.46
T0004956,0.2
T0002876,0.0
T0001933,0.0
T0002462,0.0
T0003746,0.0
T0004020,0.0
T0000249,0.0
T0004965,0.0
T0001896,0.0
T0002890,0.0
T0003287,0.0
T0004700,0.0
T0004286,0.0
T0002204,0.0
T0002029,0.0
T0001023,0.303
T0004944,0.0
T0002999,0.0
T0001917,0.0
T0001335,0.0
T0001857,0.0
T0004602,0.0
T0000485,0.0
T0004571,0.0
T0002986,0.0
T0001190,0.0
T0000657,0.0
T0000466,0.0
T0002480,0.0
T0000231,0.0
T0004953,0.054
T0002917,0.0
T0003895,0.0
T0004139,0.05
T0004947,0.387
T0000444,0.0
T0004731,0.0
T0000222,0.0
T0004935,0.135
T0000712,0.0
T0001733,0.0
T0000253,0.1
T0004097,0.0
T0004962,0.0
T0002784,0.0
T0004959,0.0
T0000536,0.0
T0004231,0.0
T0002902,0.0
T0004950,0.0
T0002272,0.05
T0004941,0.0
T0000315,0.0
T0003400,0.0
T0000286,0.0
T0004923,0.448
T0003092,0.0
T0001934,0.0
T0000366,0.0
T0004932,0.135
T0001788,0.0
T0000919,0.0
T0004929,0.0
T0001363,0.0
T0001589,0.0
T0003135,0.0
T0004114,0.2
T0000408,0.0
T0000445,0.0
T0000951,0.0
T0002157,0.0
T0000718,0.0
T0000136,0.0
T0003906,0.0
T0001234,0.0
T0000254,0.1
T0004253,0.05
T0001432,0.0
T0002235,0.0
T0003996,0.0
T0000533,0.0
T0000589,0.0
T0004586,0.132
T0000980,0.0
T0004030,0.0
T0001988,0.0
T0000446,0.0
T0000635,0.16
T0004773,0.0
T0000232,0.0
T0001573,0.0
T0004745,0.0
T0003459,0.439
T0002096,0.0
T0002067,0.0
T0003112,0.0
T0002762,0.0
T0004603,0.0
T0003974,0.1
T0000205,0.088
T0004130,0.0
T0003870,0.0
T0001977,0.05
T0001417,0.0
T0003261,0.05
T0002435,0.0
T0003297,0.0
T0001036,0.0
T0003101,0.0
T0000644,0.0
T0001372,0.0
T0001479,0.0
T0001469,0.05
T0003586,0.012
T0003861,0.0
T0000726,0.0
T0002236,0.0
T0002580,0.1
T0002503,0.0
T0003102,0.0
T0003513,0.0
T0001324,0.3
T0001734,0.0
T0002244,0.0
T0003348,0.251
T0004503,0.0
T0002903,0.0
T0003301,0.0
T0000680,0.059
T0004724,0.156
T0000380,0.0
T0000456,0.0
T0003821,0.0
T0002608,0.0
T0001059,0.2
T0003056,0.0
T0003326,0.0
T0002110,0.0
T0002800,0.0
T0002831,0.0
T0000543,0.0
T0004587,0.132
T0000327,0.072
T0004450,0.283
T0002296,0.0
T0002205,0.0
T0003123,0.0
T0002698,0.0
T0003495,0.0
T0001754,0.0
T0000853,0.0
T0003529,0.0
T0000565,0.0
T0001864,0.0
T0000389,0.009
T0003262,0.05
T0003005,0.0
T0001665,0.0
T0000381,0.0
T0001550,0.0
T0003763,0.0
T0001865,0.0
T0002043,0.0
T0002427,0.0
T0003712,0.0
T0001272,0.0
T0000101,0.054
T0002342,0.0
T0000259,0.0
T0001143,0.207
T0001093,0.0
T0004594,0.0
T0004329,0.0
T0001536,0.0
T0004604,0.0
T0000906,0.0
T0004061,0.0
T0001261,0.0
T0002813,0.0
T0000223,0.0
T0004213,0.262
T0002891,0.0
T0003506,0.0
T0004014,0.0
T0001282,0.0
T0001016,0.0
T0001705,0.0
T0000619,0.0
T0002729,0.0
T0002975,0.0
T0003988,0.0
T0001767,0.0
T0002329,0.0
T0004666,0.0
T0003176,0.0
T0004345,0.0
T0004774,0.0
T0001418,0.0
T0000224,0.0
T0002523,0.0
T0000544,0.0
T0003829,0.0
T0003941,0.0
T0000119,0.0
T0002305,0.0
T0001419,0.0
T0004659,0.001
T0001682,0.206
T0002406,0.0
T0001755,0.0
T0004406,0.0
T0004595,0.0
T0001292,0.0
T0002357,0.15
T0003276,0.0
T0003487,0.0
T0002722,0.0
T0000898,0.0
T0000924,0.0
T0002428,0.0
T0003871,0.0
T0003663,0.0
T0003124,0.0
T0001715,0.0
T0000879,0.0
T0001283,0.0
T0001558,0.0
T0002844,0.0
T0001794,0.0
T0004380,0.0
T0002343,0.0
T0001144,0.207
T0004346,0.0
T0000420,0.0
T0003389,0.0
T0000328,0.072
T0001501,0.0
T0000699,0.0
T0000255,0.1
T0003963,0.0
T0003564,0.775
T0003975,0.1
T0004364,0.05
T0002770,0.0
T0000713,0.0
T0003837,0.0
T0002545,0.0
T0002245,0.0
T0000597,0.0
T0003168,0.0
T0002053,0.0
T0004301,0.0
T0003411,0.007
T0002457,0.0
T0003565,0.775
T0003558,0.0
T0003390,0.0
T0001445,0.0
T0004588,0.132
T0002723,0.0
T0003507,0.0
T0003997,0.0
T0003473,0.0
T0003559,0.0
T0001003,0.0
T0002390,0.0
T0002511,0.0
T0004536,0.0
T0000811,0.119
T0003234,0.0
T0003496,0.0
T0004400,0.0
T0000970,0.0
T0002706,0.0
T0004414,0.0
T0001566,0.0
T0004281,0.0
T0000447,0.0
T0003447,0.118
T0003271,0.0
T0003929,0.0
T0001017,0.0
T0000390,0.009
T0004232,0.0
T0002892,0.0
T0002228,0.0
T0000137,0.0
T0001284,0.0
T0004605,0.0
T0004685,0.0
T0001285,0.0
T0003277,0.0
T0002212,0.0
T0004098,0.0
T0001121,0.0
T0000636,0.16
T0004233,0.0
T0000237,0.0
T0004310,0.0
T0002785,0.0
T0002111,0.0
T0001745,0.0
T0001658,0.0
T0001037,0.0
T0003508,0.0
T0003316,0.0
T0004667,0.0
T0000550,0.0
T0003579,0.0
T0004641,0.0
T0004234,0.0
T0000421,0.0
T0003629,0.0
T0002417,0.0
T0001725,0.0
T0000170,0.306
T0001106,0.0
T0002745,0.0
T0000089,0.0
T0002854,0.0
T0003278,0.0
T0003921,0.0
T0002068,0.0
T0004085,0.0
T0004537,0.0
T0003226,0.0
T0003349,0.251
T0004481,0.0
T0003177,0.0
T0000065,0.0
T0001621,0.0
T0001697,0.0
T0000108,0.2
T0000575,0.0
T0002651,0.15
T0000391,0.009
T0003664,0.0
T0003621,0.016
T0000974,0.05
T0004728,0.0
T0002504,0.0
T0000837,0.0
T0003779,0.0
T0004510,0.0
T0000431,0.0
T0003057,0.0
T0003401,0.0
T0002246,0.0
T0002471,0.0
T0002044,0.0
T0004169,0.0
T0000382,0.0
T0002786,0.0
T0001315,0.228
T0004565,0.0
T0000329,0.072
T0001502,0.0
T0004104,0.05
T0001228,0.0
T0004422,0.0
T0000185,0.0
T0000576,0.0
T0002463,0.0
T0000039,0.135
T0000486,0.0
T0004725,0.156
T0003032,0.0
T0001198,0.0
T0004746,0.0
T0000975,0.05
T0003560,0.0
T0000467,0.0
T0004726,0.156
T0000150,0.0
T0001989,0.0
T0001601,0.071
T0000341,0.502
T0002787,0.0
T0004710,0.0
T0001145,0.207
T0002313,0.05
T0001262,0.0
T0001473,0.0
T0000142,0.1
T0001107,0.0
T0000359,0.0
T0002661,0.034
T0000125,0.0
T0002083,0.15
T0003530,0.0
T0004311,0.0
T0001666,0.0
T0004649,0.0
T0003622,0.016
T0001716,0.0
T0004321,0.0
T0003764,0.0
T0000303,0.553
T0001094,0.0
T0000830,0.0
T0002061,0.054
T0003747,0.0
T0002746,0.0
T0003822,0.0
T0002297,0.0
T0001480,0.0
T0000367,0.0
T0002007,0.0
T0001159,0.0
T0004162,0.0
T0000126,0.0
T0004302,0.0
T0002280,0.0
T0000603,0.0
T0001567,0.0
T0003215,0.0
T0004701,0.0
T0000368,0.0
T0003272,0.0
T0001795,0.0
T0001048,0.0
T0004347,0.0
T0002330,0.0
T0000952,0.0
T0000920,0.0
T0004163,0.0
T0000059,0.079
T0003514,0.0
T0004472,0.0
T0002944,0.017
T0000401,0.0
T0004146,0.015
T0003103,0.0
T0004276,0.0
T0002076,0.0
T0000907,0.0
T0003541,0.0
T0003942,0.0
T0003943,0.0
T0004381,0.0
T0000934,0.0
T0002331,0.0
T0003497,0.0
T0003830,0.0
T0003462,0.0
T0003657,0.0
T0000514,0.0
T0000689,0.136
T0002838,0.25
T0000558,0.0
T0004686,0.0
T0003531,0.0
T0003699,0.0
T0001872,0.0
T0003678,0.0
T0004183,0.0
T0003178,0.0
T0001796,0.0
T0002021,0.0
T0002158,0.0
T0004754,0.009
T0002740,0.0
T0004761,0.0
T0002112,0.0
T0002776,0.0
T0003239,0.0
T0004473,0.0
T0003787,0.0
T0003717,0.0
T0003672,0.0
T0000935,0.0
T0001602,0.071
T0002609,0.0
T0003812,0.0
T0004067,0.0
T0003599,0.0
T0004115,0.2
T0004071,0.0
T0003113,0.0
T0000260,0.0
T0002546,0.0
T0004053,0.46
T0001018,0.0
T0001038,0.0
T0003073,0.0
T0002610,0.0
T0003591,0.0
T0003883,0.0
T0003412,0.007
T0000846,0.0
T0001246,0.0
T0001873,0.0
T0003006,0.0
T0000995,0.0
T0004078,0.0
T0003026,0.596
T0003246,0.0
T0002884,0.0
T0003630,0.0
T0001426,0.0
T0003636,0.0
T0004596,0.0
T0002976,0.0
T0003208,0.0
T0001608,0.0
T0003202,0.0
T0000719,0.0
T0000409,0.0
T0002151,0.0
T0003327,0.0
T0001474,0.0
T0002298,0.0
T0000410,0.0
T0001609,0.0
T0001184,0.0
T0001603,0.071
T0003611,0.132
T0001316,0.228
T0002400,0.1
T0001169,0.1
T0000598,0.0
T0003748,0.0
T0004677,0.302
T0000637,0.16
T0001559,0.0
T0000873,0.0
T0004170,0.0
T0000981,0.0
T0000506,0.0
T0004293,0.0
T0002904,0.0
T0001960,0.0
T0000996,0.0
T0003780,0.0
T0001146,0.207
T0000720,0.0
T0003142,0.0
T0002069,0.0
T0001935,0.0
T0001952,0.0
T0001039,0.0
T0003549,0.0
T0001805,0.0
T0000206,0.088
T0003179,0.0
T0000277,0.0
T0004177,0.0
T0002332,0.0
T0002104,0.0
T0002186,0.114
T0004572,0.0
T0003498,0.0
T0004492,0.0
T0002855,0.0
T0003474,0.0
T0004623,0.0
T0001116,0.0
T0002401,0.1
T0004322,0.0
T0003800,0.0
T0004451,0.283
T0001866,0.0
T0001717,0.0
T0001273,0.0
T0001095,0.0
T0002436,0.0
T0004031,0.0
T0002097,0.0
T0003679,0.0
T0002077,0.0
T0000468,0.0
T0003463,0.0
T0004054,0.46
T0003125,0.0
T0001049,0.0
T0000283,0.0
T0000727,0.0
T0000316,0.0
T0002165,0.0
T0001004,0.0
T0000127,0.0
T0004727,0.156
T0003854,0.0
T0004747,0.0
T0001383,0.0
T0000714,0.0
T0001160,0.0
T0004461,0.15
T0001622,0.0
T0001074,0.0
T0000728,0.0
T0002534,0.3
T0002187,0.114
T0001247,0.0
T0001277,0.0
T0000545,0.0
T0002524,0.0
T0004214,0.262
T0001433,0.0
T0000750,0.0
T0002237,0.0
T0003515,0.0
T0002257,0.05
T0004147,0.015
T0000751,0.0
T0003788,0.0
T0002554,0.0
T0003831,0.0
T0004678,0.302
T0003007,0.0
T0004668,0.0
T0003156,0.0
T0004452,0.283
T0003617,0.05
T0000854,0.0
T0000348,0.0
T0001838,0.0
T0000075,0.0
T0001683,0.206
T0001375,0.0
T0002912,0.15
T0003374,0.0
T0002273,0.05
T0002747,0.0
T0003755,0.0
T0002391,0.0
T0000788,0.0
T0001998,0.174
T0004072,0.0
T0003448,0.118
T0001847,0.009
T0000487,0.0
T0000614,0.0
T0004511,0.0
T0003730,0.0
T0003074,0.0
T0000178,0.0
T0002535,0.3
T0000171,0.306
T0003623,0.016
T0003700,0.0
T0000207,0.088
T0000681,0.059
T0001068,0.0
T0001999,0.174
T0001161,0.0
T0003553,0.0
T0002013,0.0
T0002366,0.0
T0003085,0.0
T0000029,0.0
T0000459,0.0
T0004178,0.0
T0002707,0.0
T0002555,0.0
T0002599,0.0
T0001667,0.0
T0003016,0.0
T0003302,0.0
T0000569,0.0
T0003157,0.0
T0001208,0.0
T0001718,0.0
T0003180,0.0
T0000772,0.009
T0004679,0.302
T0004062,0.0
T0002987,0.0
T0002575,0.0
T0002505,0.0
T0004073,0.0
T0000422,0.0
T0000392,0.009
T0000559,0.0
T0000208,0.088
T0002856,0.0
T0001373,0.0
T0001336,0.0
T0001475,0.0
T0001659,0.0
T0001005,0.0
T0003216,0.0
T0002823,0.05
T0004523,0.0
T0001726,0.0
T0004629,0.0
T0003516,0.0
T0003690,0.0
T0000354,0.0
T0002918,0.0
T0000433,0.202
T0000860,0.0
T0002358,0.15
T0003181,0.0
T0000648,0.0
T0001108,0.0
T0003713,0.0
T0001325,0.3
T0000502,0.669
T0002536,0.3
T0003288,0.0
T0002824,0.05
T0004021,0.0
T0003499,0.0
T0000304,0.553
T0004732,0.0
T0000721,0.0
T0001848,0.009
T0001772,0.0
T0002673,0.0
T0001503,0.0
T0004208,0.0
T0003488,0.0
T0003126,0.0
T0004254,0.05
T0000620,0.0
T0001544,0.0
T0002344,0.0
T0004086,0.0
T0002135,0.0
T0000560,0.0
T0003033,0.0
T0000209,0.088
T0003930,0.0
T0000599,0.0
T0004105,0.05
T0002905,0.0
T0000278,0.0
T0000577,0.0
T0000372,0.0
T0004037,0.0
T0000590,0.0
T0001024,0.303
T0002116,0.0
T0002953,0.0
T0004606,0.0
